name,pokedex_id,hp,atk,def,spd,sat,sdf,type1,type2,catch_rate,base_exp,level1_learnset,growth_rate,tmhm_learnset,evolutions,moveset
abra,ABRA,25,20,15,90,105,55,PSYCHIC,PSYCHIC,200,73,"TELEPORT, NO_MOVE, NO_MOVE, NO_MOVE",MEDIUM_SLOW,"MEGA_PUNCH, MEGA_KICK, TOXIC, BODY_SLAM, TAKE_DOWN, DOUBLE_EDGE, SUBMISSION, COUNTER, SEISMIC_TOSS, RAGE, PSYCHIC_M, TELEPORT, MIMIC, DOUBLE_TEAM, REFLECT, BIDE, METRONOME, SKULL_BASH, REST, THUNDER_WAVE, PSYWAVE, TRI_ATTACK, SUBSTITUTE, FLASH",EVOLVE_LEVEL 16 KADABRA,
aerodactyl,AERODACTYL,80,105,65,130,60,75,ROCK,FLYING,45,202,"WING_ATTACK, AGILITY, NO_MOVE, NO_MOVE",SLOW,"RAZOR_WIND, WHIRLWIND, TOXIC, TAKE_DOWN, DOUBLE_EDGE, HYPER_BEAM, RAGE, DRAGON_RAGE, MIMIC, DOUBLE_TEAM, REFLECT, BIDE, FIRE_BLAST, SWIFT, SKY_ATTACK, REST, SUBSTITUTE, FLY",None,"L33:SUPERSONIC, L38:BITE, L45:TAKE_DOWN, L54:HYPER_BEAM"
alakazam,ALAKAZAM,55,50,45,120,135,85,PSYCHIC,PSYCHIC,50,186,"TELEPORT, CONFUSION, DISABLE, NO_MOVE",MEDIUM_SLOW,"MEGA_PUNCH, MEGA_KICK, TOXIC, BODY_SLAM, TAKE_DOWN, DOUBLE_EDGE, HYPER_BEAM, SUBMISSION, COUNTER, SEISMIC_TOSS, RAGE, DIG, PSYCHIC_M, TELEPORT, MIMIC, DOUBLE_TEAM, REFLECT, BIDE, METRONOME, SKULL_BASH, REST, THUNDER_WAVE, PSYWAVE, TRI_ATTACK, SUBSTITUTE, FLASH",None,"L16:CONFUSION, L20:DISABLE, L27:PSYBEAM, L31:RECOVER, L38:PSYCHIC_M, L42:REFLECT"
annihilape,ANNIHILAPE,55,50,45,120,135,85,ROCK,GROUND,45,108,"TACKLE, SCREECH, NO_MOVE, NO_MOVE",MEDIUM_FAST,"TOXIC, BODY_SLAM, TAKE_DOWN, DOUBLE_EDGE, RAGE, EARTHQUAKE, FISSURE, DIG, MIMIC, DOUBLE_TEAM, BIDE, SELFDESTRUCT, SKULL_BASH, REST, EXPLOSION, ROCK_SLIDE, SUBSTITUTE, STRENGTH",None,
arbok,ARBOK,55,50,45,120,135,85,POISON,POISON,90,147,"WRAP, LEER, POISON_STING, NO_MOVE",MEDIUM_FAST,"TOXIC, BODY_SLAM, TAKE_DOWN, DOUBLE_EDGE, HYPER_BEAM, RAGE, MEGA_DRAIN, EARTHQUAKE, FISSURE, DIG, MIMIC, DOUBLE_TEAM, BIDE, SKULL_BASH, REST, ROCK_SLIDE, SUBSTITUTE, STRENGTH",None,"L10:POISON_STING, L17:BITE, L27:GLARE, L36:SCREECH, L47:ACID"
arcanine,ARCANINE,55,50,45,120,135,85,FIRE,FIRE,75,213,"ROAR, EMBER, LEER, TAKE_DOWN",SLOW,"TOXIC, BODY_SLAM, TAKE_DOWN, DOUBLE_EDGE, HYPER_BEAM, RAGE, DRAGON_RAGE, DIG, TELEPORT, MIMIC, DOUBLE_TEAM, REFLECT, BIDE, FIRE_BLAST, SWIFT, SKULL_BASH, REST, SUBSTITUTE",None,
arcanineh,ARCANINEH,55,50,45,120,135,85,WATER,FLYING,45,214,"BITE, DRAGON_RAGE, LEER, HYDRO_PUMP",SLOW,"TOXIC, BODY_SLAM, TAKE_DOWN, DOUBLE_EDGE, BUBBLEBEAM, WATER_GUN, ICE_BEAM, BLIZZARD, HYPER_BEAM, RAGE, DRAGON_RAGE, THUNDERBOLT, THUNDER, MIMIC, DOUBLE_TEAM, REFLECT, BIDE, FIRE_BLAST, SKULL_BASH, REST, SUBSTITUTE, SURF, STRENGTH",None,
articuno,ARTICUNO,55,50,45,120,135,85,ICE,FLYING,3,215,"PECK, ICE_BEAM, NO_MOVE, NO_MOVE",SLOW,"RAZOR_WIND, WHIRLWIND, TOXIC, TAKE_DOWN, DOUBLE_EDGE, BUBBLEBEAM, WATER_GUN, ICE_BEAM, BLIZZARD, HYPER_BEAM, RAGE, MIMIC, DOUBLE_TEAM, REFLECT, BIDE, SWIFT, SKY_ATTACK, REST, SUBSTITUTE, FLY",None,"L51:BLIZZARD, L55:AGILITY, L60:MIST"
articunog,ARTICUNOG,55,50,45,120,135,85,PSYCHIC,PSYCHIC,45,64,"POUND, NO_MOVE, NO_MOVE, NO_MOVE",MEDIUM_SLOW,"MEGA_PUNCH, RAZOR_WIND, SWORDS_DANCE, WHIRLWIND, MEGA_KICK, TOXIC, HORN_DRILL, BODY_SLAM, TAKE_DOWN, DOUBLE_EDGE, BUBBLEBEAM, WATER_GUN, ICE_BEAM, BLIZZARD, HYPER_BEAM, PAY_DAY, SUBMISSION, COUNTER, SEISMIC_TOSS, RAGE, MEGA_DRAIN, SOLARBEAM, DRAGON_RAGE, THUNDERBOLT, THUNDER, EARTHQUAKE, FISSURE, DIG, PSYCHIC_M, TELEPORT, MIMIC, DOUBLE_TEAM, REFLECT, BIDE, METRONOME, SELFDESTRUCT, EGG_BOMB, FIRE_BLAST, SWIFT, SKULL_BASH, SOFTBOILED, DREAM_EATER, SKY_ATTACK, REST, THUNDER_WAVE, PSYWAVE, EXPLOSION, ROCK_SLIDE, TRI_ATTACK, SUBSTITUTE, CUT, FLY, SURF, STRENGTH, FLASH, UNUSED",None,
beedrill,BEEDRILL,55,50,45,120,135,85,BUG,POISON,45,159,"FURY_ATTACK, NO_MOVE, NO_MOVE, NO_MOVE",MEDIUM_FAST,"SWORDS_DANCE, TOXIC, TAKE_DOWN, DOUBLE_EDGE, HYPER_BEAM, RAGE, MEGA_DRAIN, MIMIC, DOUBLE_TEAM, REFLECT, BIDE, SWIFT, SKULL_BASH, REST, SUBSTITUTE, CUT",None,"L12:FURY_ATTACK, L16:FOCUS_ENERGY, L20:TWINEEDLE, L25:RAGE, L30:PIN_MISSILE, L35:AGILITY"
bellossom,BELLOSSOM,25,20,15,90,105,55,PSYCHIC,PSYCHIC,200,73,"TELEPORT, NO_MOVE, NO_MOVE, NO_MOVE",MEDIUM_SLOW,"MEGA_PUNCH, MEGA_KICK, TOXIC, BODY_SLAM, TAKE_DOWN, DOUBLE_EDGE, SUBMISSION, COUNTER, SEISMIC_TOSS, RAGE, PSYCHIC_M, TELEPORT, MIMIC, DOUBLE_TEAM, REFLECT, BIDE, METRONOME, SKULL_BASH, REST, THUNDER_WAVE, PSYWAVE, TRI_ATTACK, SUBSTITUTE, FLASH",None,
bellsprout,BELLSPROUT,55,50,45,120,135,85,GRASS,POISON,255,84,"VINE_WHIP, GROWTH, NO_MOVE, NO_MOVE",MEDIUM_SLOW,"SWORDS_DANCE, TOXIC, TAKE_DOWN, DOUBLE_EDGE, RAGE, MEGA_DRAIN, SOLARBEAM, MIMIC, DOUBLE_TEAM, REFLECT, BIDE, REST, SUBSTITUTE, CUT",EVOLVE_LEVEL 21 WEEPINBELL,"L13:WRAP, L15:POISONPOWDER, L18:SLEEP_POWDER, L21:STUN_SPORE, L26:ACID, L33:RAZOR_LEAF, L42:SLAM"
blastoise,BLASTOISE,55,50,45,120,135,85,WATER,WATER,45,210,"TACKLE, TAIL_WHIP, BUBBLE, WATER_GUN",MEDIUM_SLOW,"MEGA_PUNCH, MEGA_KICK, TOXIC, BODY_SLAM, TAKE_DOWN, DOUBLE_EDGE, BUBBLEBEAM, WATER_GUN, ICE_BEAM, BLIZZARD, HYPER_BEAM, SUBMISSION, COUNTER, SEISMIC_TOSS, RAGE, EARTHQUAKE, FISSURE, DIG, MIMIC, DOUBLE_TEAM, REFLECT, BIDE, SKULL_BASH, REST, SUBSTITUTE, SURF, STRENGTH",None,"L8:BUBBLE, L15:WATER_GUN, L24:BITE, L31:WITHDRAW, L42:SKULL_BASH, L52:HYDRO_PUMP"
blissey,BLISSEY,25,20,15,90,105,55,PSYCHIC,PSYCHIC,200,73,"TELEPORT, NO_MOVE, NO_MOVE, NO_MOVE",MEDIUM_SLOW,"MEGA_PUNCH, MEGA_KICK, TOXIC, BODY_SLAM, TAKE_DOWN, DOUBLE_EDGE, SUBMISSION, COUNTER, SEISMIC_TOSS, RAGE, PSYCHIC_M, TELEPORT, MIMIC, DOUBLE_TEAM, REFLECT, BIDE, METRONOME, SKULL_BASH, REST, THUNDER_WAVE, PSYWAVE, TRI_ATTACK, SUBSTITUTE, FLASH",None,
bulbasaur,BULBASAUR,55,50,45,120,135,85,GRASS,POISON,45,64,"TACKLE, GROWL, NO_MOVE, NO_MOVE",MEDIUM_SLOW,"SWORDS_DANCE, TOXIC, BODY_SLAM, TAKE_DOWN, DOUBLE_EDGE, RAGE, MEGA_DRAIN, SOLARBEAM, MIMIC, DOUBLE_TEAM, REFLECT, BIDE, REST, SUBSTITUTE, CUT",EVOLVE_LEVEL 16 IVYSAUR,"L7:LEECH_SEED, L13:VINE_WHIP, L20:POISONPOWDER, L27:RAZOR_LEAF, L34:GROWTH, L41:SLEEP_POWDER, L48:SOLARBEAM"
butterfree,BUTTERFREE,55,50,45,120,135,85,BUG,FLYING,45,160,"CONFUSION, NO_MOVE, NO_MOVE, NO_MOVE",MEDIUM_FAST,"RAZOR_WIND, WHIRLWIND, TOXIC, TAKE_DOWN, DOUBLE_EDGE, HYPER_BEAM, RAGE, MEGA_DRAIN, SOLARBEAM, PSYCHIC_M, TELEPORT, MIMIC, DOUBLE_TEAM, REFLECT, BIDE, SWIFT, REST, PSYWAVE, SUBSTITUTE",None,"L12:CONFUSION, L15:POISONPOWDER, L16:STUN_SPORE, L17:SLEEP_POWDER, L21:SUPERSONIC, L26:WHIRLWIND, L32:PSYBEAM"
caterpie,CATERPIE,55,50,45,120,135,85,BUG,BUG,255,53,"TACKLE, STRING_SHOT, NO_MOVE, NO_MOVE",MEDIUM_FAST,,EVOLVE_LEVEL 7 METAPOD,
chansey,CHANSEY,55,50,45,120,135,85,NORMAL,NORMAL,30,255,"POUND, DOUBLESLAP, NO_MOVE, NO_MOVE",FAST,"MEGA_PUNCH, MEGA_KICK, TOXIC, BODY_SLAM, TAKE_DOWN, DOUBLE_EDGE, BUBBLEBEAM, WATER_GUN, ICE_BEAM, BLIZZARD, HYPER_BEAM, SUBMISSION, COUNTER, SEISMIC_TOSS, RAGE, SOLARBEAM, THUNDERBOLT, THUNDER, PSYCHIC_M, TELEPORT, MIMIC, DOUBLE_TEAM, REFLECT, BIDE, METRONOME, EGG_BOMB, FIRE_BLAST, SKULL_BASH, SOFTBOILED, REST, THUNDER_WAVE, PSYWAVE, TRI_ATTACK, SUBSTITUTE, STRENGTH, FLASH",None,"L24:SING, L30:GROWL, L38:MINIMIZE, L44:DEFENSE_CURL, L48:LIGHT_SCREEN, L54:DOUBLE_EDGE"
charizard,CHARIZARD,55,50,45,120,135,85,FIRE,FLYING,45,209,"SCRATCH, GROWL, EMBER, LEER",MEDIUM_SLOW,"MEGA_PUNCH, SWORDS_DANCE, MEGA_KICK, TOXIC, BODY_SLAM, TAKE_DOWN, DOUBLE_EDGE, HYPER_BEAM, SUBMISSION, COUNTER, SEISMIC_TOSS, RAGE, DRAGON_RAGE, EARTHQUAKE, FISSURE, DIG, MIMIC, DOUBLE_TEAM, REFLECT, BIDE, FIRE_BLAST, SWIFT, SKULL_BASH, REST, SUBSTITUTE, CUT, STRENGTH",None,"L9:EMBER, L15:LEER, L24:RAGE, L36:SLASH, L46:FLAMETHROWER, L55:FIRE_SPIN"
charmander,CHARMANDER,55,50,45,120,135,85,FIRE,FIRE,45,65,"SCRATCH, GROWL, NO_MOVE, NO_MOVE",MEDIUM_SLOW,"MEGA_PUNCH, SWORDS_DANCE, MEGA_KICK, TOXIC, BODY_SLAM, TAKE_DOWN, DOUBLE_EDGE, SUBMISSION, COUNTER, SEISMIC_TOSS, RAGE, DRAGON_RAGE, DIG, MIMIC, DOUBLE_TEAM, REFLECT, BIDE, FIRE_BLAST, SWIFT, SKULL_BASH, REST, SUBSTITUTE, CUT, STRENGTH",EVOLVE_LEVEL 16 CHARMELEON,"L9:EMBER, L15:LEER, L22:RAGE, L30:SLASH, L38:FLAMETHROWER, L46:FIRE_SPIN"
charmeleon,CHARMELEON,55,50,45,120,135,85,FIRE,FIRE,45,142,"SCRATCH, GROWL, EMBER, NO_MOVE",MEDIUM_SLOW,"MEGA_PUNCH, SWORDS_DANCE, MEGA_KICK, TOXIC, BODY_SLAM, TAKE_DOWN, DOUBLE_EDGE, SUBMISSION, COUNTER, SEISMIC_TOSS, RAGE, DRAGON_RAGE, DIG, MIMIC, DOUBLE_TEAM, REFLECT, BIDE, FIRE_BLAST, SWIFT, SKULL_BASH, REST, SUBSTITUTE, CUT, STRENGTH",EVOLVE_LEVEL 36 CHARIZARD,"L9:EMBER, L15:LEER, L24:RAGE, L33:SLASH, L42:FLAMETHROWER, L56:FIRE_SPIN"
clefable,CLEFABLE,55,50,45,120,135,85,NORMAL,NORMAL,25,129,"SING, DOUBLESLAP, MINIMIZE, METRONOME",FAST,"MEGA_PUNCH, MEGA_KICK, TOXIC, BODY_SLAM, TAKE_DOWN, DOUBLE_EDGE, BUBBLEBEAM, WATER_GUN, ICE_BEAM, BLIZZARD, HYPER_BEAM, SUBMISSION, COUNTER, SEISMIC_TOSS, RAGE, SOLARBEAM, THUNDERBOLT, THUNDER, PSYCHIC_M, TELEPORT, MIMIC, DOUBLE_TEAM, REFLECT, BIDE, METRONOME, FIRE_BLAST, SKULL_BASH, REST, THUNDER_WAVE, PSYWAVE, TRI_ATTACK, SUBSTITUTE, STRENGTH, FLASH",None,
clefairy,CLEFAIRY,55,50,45,120,135,85,NORMAL,NORMAL,150,68,"POUND, GROWL, NO_MOVE, NO_MOVE",FAST,"MEGA_PUNCH, MEGA_KICK, TOXIC, BODY_SLAM, TAKE_DOWN, DOUBLE_EDGE, BUBBLEBEAM, WATER_GUN, ICE_BEAM, BLIZZARD, SUBMISSION, COUNTER, SEISMIC_TOSS, RAGE, SOLARBEAM, THUNDERBOLT, THUNDER, PSYCHIC_M, TELEPORT, MIMIC, DOUBLE_TEAM, REFLECT, BIDE, METRONOME, FIRE_BLAST, SKULL_BASH, REST, THUNDER_WAVE, PSYWAVE, TRI_ATTACK, SUBSTITUTE, STRENGTH, FLASH",EVOLVE_ITEM MOON_STONE 1 CLEFABLE,"L13:SING, L18:DOUBLESLAP, L24:MINIMIZE, L31:METRONOME, L39:DEFENSE_CURL, L48:LIGHT_SCREEN"
cloyster,CLOYSTER,55,50,45,120,135,85,WATER,ICE,60,203,"WITHDRAW, SUPERSONIC, CLAMP, AURORA_BEAM",SLOW,"TOXIC, TAKE_DOWN, DOUBLE_EDGE, BUBBLEBEAM, WATER_GUN, ICE_BEAM, BLIZZARD, HYPER_BEAM, RAGE, TELEPORT, MIMIC, DOUBLE_TEAM, REFLECT, BIDE, SELFDESTRUCT, SWIFT, REST, EXPLOSION, TRI_ATTACK, SUBSTITUTE, SURF",None,L50:SPIKE_CANNON
crobat,CROBAT,55,50,45,120,135,85,POISON,FLYING,90,241,"LEECH_LIFE, SCREECH, BITE, SCREECH",MEDIUM_FAST,"RAZOR_WIND, WHIRLWIND, TOXIC, TAKE_DOWN, DOUBLE_EDGE, HYPER_BEAM, RAGE, MEGA_DRAIN, MIMIC, DOUBLE_TEAM, BIDE, SWIFT, REST, SUBSTITUTE, FLY",None,"L10:SUPERSONIC, L15:BITE, L21:CONFUSE_RAY, L33:WING_ATTACK, L44:HAZE, L55:SLUDGE"
cubone,CUBONE,55,50,45,120,135,85,GROUND,GROUND,190,87,"BONE_CLUB, GROWL, NO_MOVE, NO_MOVE",MEDIUM_FAST,"MEGA_PUNCH, MEGA_KICK, TOXIC, BODY_SLAM, TAKE_DOWN, DOUBLE_EDGE, BUBBLEBEAM, WATER_GUN, ICE_BEAM, BLIZZARD, SUBMISSION, COUNTER, SEISMIC_TOSS, RAGE, EARTHQUAKE, FISSURE, DIG, MIMIC, DOUBLE_TEAM, BIDE, FIRE_BLAST, SKULL_BASH, REST, SUBSTITUTE, STRENGTH",EVOLVE_LEVEL 28 MAROWAK,"L25:LEER, L31:FOCUS_ENERGY, L38:THRASH, L43:BONEMERANG, L46:RAGE"
dewgong,DEWGONG,55,50,45,120,135,85,WATER,ICE,75,176,"HEADBUTT, GROWL, AURORA_BEAM, NO_MOVE",MEDIUM_FAST,"TOXIC, HORN_DRILL, BODY_SLAM, TAKE_DOWN, DOUBLE_EDGE, BUBBLEBEAM, WATER_GUN, ICE_BEAM, BLIZZARD, HYPER_BEAM, PAY_DAY, RAGE, MIMIC, DOUBLE_TEAM, BIDE, SKULL_BASH, REST, SUBSTITUTE, SURF, STRENGTH",None,"L30:GROWL, L35:AURORA_BEAM, L44:REST, L50:TAKE_DOWN, L56:ICE_BEAM"
diglett,DIGLETT,55,50,45,120,135,85,GROUND,GROUND,255,81,"SCRATCH, NO_MOVE, NO_MOVE, NO_MOVE",MEDIUM_FAST,"TOXIC, BODY_SLAM, TAKE_DOWN, DOUBLE_EDGE, RAGE, EARTHQUAKE, FISSURE, DIG, MIMIC, DOUBLE_TEAM, BIDE, REST, ROCK_SLIDE, SUBSTITUTE",EVOLVE_LEVEL 26 DUGTRIO,"L15:GROWL, L19:DIG, L24:SAND_ATTACK, L31:SLASH, L40:EARTHQUAKE"
digletta,DIGLETTA,55,50,45,120,135,85,WATER,FLYING,45,214,"BITE, DRAGON_RAGE, LEER, HYDRO_PUMP",SLOW,"TOXIC, BODY_SLAM, TAKE_DOWN, DOUBLE_EDGE, BUBBLEBEAM, WATER_GUN, ICE_BEAM, BLIZZARD, HYPER_BEAM, RAGE, DRAGON_RAGE, THUNDERBOLT, THUNDER, MIMIC, DOUBLE_TEAM, REFLECT, BIDE, FIRE_BLAST, SKULL_BASH, REST, SUBSTITUTE, SURF, STRENGTH",None,
ditto,DITTO,55,50,45,120,135,85,NORMAL,NORMAL,35,61,"TRANSFORM, NO_MOVE, NO_MOVE, NO_MOVE",MEDIUM_FAST,,None,
dodrio,DODRIO,55,50,45,120,135,85,NORMAL,FLYING,45,158,"PECK, GROWL, FURY_ATTACK, NO_MOVE",MEDIUM_FAST,"WHIRLWIND, TOXIC, BODY_SLAM, TAKE_DOWN, DOUBLE_EDGE, HYPER_BEAM, RAGE, MIMIC, DOUBLE_TEAM, REFLECT, BIDE, SKULL_BASH, SKY_ATTACK, REST, TRI_ATTACK, SUBSTITUTE, FLY",None,"L20:GROWL, L24:FURY_ATTACK, L30:DRILL_PECK, L39:RAGE, L45:TRI_ATTACK, L51:AGILITY"
doduo,DODUO,55,50,45,120,135,85,NORMAL,FLYING,190,96,"PECK, NO_MOVE, NO_MOVE, NO_MOVE",MEDIUM_FAST,"WHIRLWIND, TOXIC, BODY_SLAM, TAKE_DOWN, DOUBLE_EDGE, RAGE, MIMIC, DOUBLE_TEAM, REFLECT, BIDE, SKULL_BASH, SKY_ATTACK, REST, TRI_ATTACK, SUBSTITUTE, FLY",EVOLVE_LEVEL 31 DODRIO,"L20:GROWL, L24:FURY_ATTACK, L30:DRILL_PECK, L36:RAGE, L40:TRI_ATTACK, L44:AGILITY"
dragonair,DRAGONAIR,55,50,45,120,135,85,DRAGON,DRAGON,45,144,"WRAP, LEER, THUNDER_WAVE, NO_MOVE",SLOW,"TOXIC, HORN_DRILL, BODY_SLAM, TAKE_DOWN, DOUBLE_EDGE, BUBBLEBEAM, WATER_GUN, ICE_BEAM, BLIZZARD, RAGE, DRAGON_RAGE, THUNDERBOLT, THUNDER, MIMIC, DOUBLE_TEAM, REFLECT, BIDE, FIRE_BLAST, SWIFT, SKULL_BASH, REST, THUNDER_WAVE, SUBSTITUTE, SURF",EVOLVE_LEVEL 55 DRAGONITE,"L10:THUNDER_WAVE, L20:AGILITY, L35:SLAM, L45:DRAGON_RAGE, L55:HYPER_BEAM"
dragonite,DRAGONITE,55,50,45,120,135,85,DRAGON,FLYING,45,218,"WRAP, LEER, THUNDER_WAVE, AGILITY",SLOW,"RAZOR_WIND, TOXIC, HORN_DRILL, BODY_SLAM, TAKE_DOWN, DOUBLE_EDGE, BUBBLEBEAM, WATER_GUN, ICE_BEAM, BLIZZARD, HYPER_BEAM, RAGE, DRAGON_RAGE, THUNDERBOLT, THUNDER, MIMIC, DOUBLE_TEAM, REFLECT, BIDE, FIRE_BLAST, SWIFT, SKULL_BASH, REST, THUNDER_WAVE, SUBSTITUTE, SURF, STRENGTH",None,"L10:THUNDER_WAVE, L20:AGILITY, L35:SLAM, L45:DRAGON_RAGE, L60:HYPER_BEAM"
dratini,DRATINI,55,50,45,120,135,85,DRAGON,DRAGON,45,67,"WRAP, LEER, NO_MOVE, NO_MOVE",SLOW,"TOXIC, BODY_SLAM, TAKE_DOWN, DOUBLE_EDGE, BUBBLEBEAM, WATER_GUN, ICE_BEAM, BLIZZARD, RAGE, DRAGON_RAGE, THUNDERBOLT, THUNDER, MIMIC, DOUBLE_TEAM, REFLECT, BIDE, FIRE_BLAST, SWIFT, SKULL_BASH, REST, THUNDER_WAVE, SUBSTITUTE, SURF",EVOLVE_LEVEL 30 DRAGONAIR,"L10:THUNDER_WAVE, L20:AGILITY, L30:SLAM, L40:DRAGON_RAGE, L50:HYPER_BEAM"
drowzee,DROWZEE,55,50,45,120,135,85,PSYCHIC,PSYCHIC,190,102,"POUND, HYPNOSIS, NO_MOVE, NO_MOVE",MEDIUM_FAST,"MEGA_PUNCH, MEGA_KICK, TOXIC, BODY_SLAM, TAKE_DOWN, DOUBLE_EDGE, SUBMISSION, COUNTER, SEISMIC_TOSS, RAGE, PSYCHIC_M, TELEPORT, MIMIC, DOUBLE_TEAM, REFLECT, BIDE, METRONOME, SKULL_BASH, DREAM_EATER, REST, THUNDER_WAVE, PSYWAVE, TRI_ATTACK, SUBSTITUTE, FLASH",EVOLVE_LEVEL 26 HYPNO,"L12:DISABLE, L17:CONFUSION, L24:HEADBUTT, L29:POISON_GAS, L32:PSYCHIC_M, L37:MEDITATE"
dugtrio,DUGTRIO,55,50,45,120,135,85,GROUND,GROUND,50,153,"SCRATCH, GROWL, DIG, NO_MOVE",MEDIUM_FAST,"TOXIC, BODY_SLAM, TAKE_DOWN, DOUBLE_EDGE, HYPER_BEAM, RAGE, EARTHQUAKE, FISSURE, DIG, MIMIC, DOUBLE_TEAM, BIDE, REST, ROCK_SLIDE, SUBSTITUTE",None,"L15:GROWL, L19:DIG, L24:SAND_ATTACK, L35:SLASH, L47:EARTHQUAKE"
dugtrioa,DUGTRIOA,55,50,45,120,135,85,POISON,POISON,190,90,"POUND, DISABLE, NO_MOVE, NO_MOVE",MEDIUM_FAST,"TOXIC, BODY_SLAM, RAGE, MEGA_DRAIN, THUNDERBOLT, THUNDER, MIMIC, DOUBLE_TEAM, BIDE, SELFDESTRUCT, FIRE_BLAST, REST, EXPLOSION, SUBSTITUTE",None,
eevee,EEVEE,55,50,45,120,135,85,NORMAL,NORMAL,45,92,"TACKLE, SAND_ATTACK, NO_MOVE, NO_MOVE",MEDIUM_FAST,"TOXIC, BODY_SLAM, TAKE_DOWN, DOUBLE_EDGE, RAGE, MIMIC, DOUBLE_TEAM, REFLECT, BIDE, SWIFT, SKULL_BASH, REST, SUBSTITUTE",EVOLVE_ITEM FIRE_STONE 1 FLAREON | EVOLVE_ITEM THUNDER_STONE 1 JOLTEON | EVOLVE_ITEM WATER_STONE 1 VAPOREON,"L27:QUICK_ATTACK, L31:TAIL_WHIP, L37:BITE, L45:TAKE_DOWN"
ekans,EKANS,55,50,45,120,135,85,POISON,POISON,255,62,"WRAP, LEER, NO_MOVE, NO_MOVE",MEDIUM_FAST,"TOXIC, BODY_SLAM, TAKE_DOWN, DOUBLE_EDGE, RAGE, MEGA_DRAIN, EARTHQUAKE, FISSURE, DIG, MIMIC, DOUBLE_TEAM, BIDE, SKULL_BASH, REST, ROCK_SLIDE, SUBSTITUTE, STRENGTH",EVOLVE_LEVEL 22 ARBOK,"L10:POISON_STING, L17:BITE, L24:GLARE, L31:SCREECH, L38:ACID"
electabuzz,ELECTABUZZ,55,50,45,120,135,85,ELECTRIC,ELECTRIC,45,156,"QUICK_ATTACK, LEER, NO_MOVE, NO_MOVE",MEDIUM_FAST,"MEGA_PUNCH, MEGA_KICK, TOXIC, BODY_SLAM, TAKE_DOWN, DOUBLE_EDGE, HYPER_BEAM, SUBMISSION, COUNTER, SEISMIC_TOSS, RAGE, THUNDERBOLT, THUNDER, PSYCHIC_M, TELEPORT, MIMIC, DOUBLE_TEAM, REFLECT, BIDE, METRONOME, SWIFT, SKULL_BASH, REST, THUNDER_WAVE, PSYWAVE, SUBSTITUTE, STRENGTH, FLASH",None,"L34:THUNDERSHOCK, L37:SCREECH, L42:THUNDERPUNCH, L49:LIGHT_SCREEN, L54:THUNDER"
electivire,ELECTIVIRE,55,50,45,120,135,85,GROUND,GROUND,190,87,"BONE_CLUB, GROWL, NO_MOVE, NO_MOVE",MEDIUM_FAST,"MEGA_PUNCH, MEGA_KICK, TOXIC, BODY_SLAM, TAKE_DOWN, DOUBLE_EDGE, BUBBLEBEAM, WATER_GUN, ICE_BEAM, BLIZZARD, SUBMISSION, COUNTER, SEISMIC_TOSS, RAGE, EARTHQUAKE, FISSURE, DIG, MIMIC, DOUBLE_TEAM, BIDE, FIRE_BLAST, SKULL_BASH, REST, SUBSTITUTE, STRENGTH",None,
electrode,ELECTRODE,55,50,45,120,135,85,ELECTRIC,ELECTRIC,60,150,"TACKLE, SCREECH, SONICBOOM, NO_MOVE",MEDIUM_FAST,"TOXIC, TAKE_DOWN, HYPER_BEAM, RAGE, THUNDERBOLT, THUNDER, TELEPORT, MIMIC, DOUBLE_TEAM, REFLECT, BIDE, SELFDESTRUCT, SWIFT, SKULL_BASH, REST, THUNDER_WAVE, EXPLOSION, SUBSTITUTE, FLASH",None,"L17:SONICBOOM, L22:SELFDESTRUCT, L29:LIGHT_SCREEN, L40:SWIFT, L50:EXPLOSION"
electrodeh,ELECTRODEH,55,50,45,120,135,85,GRASS,POISON,45,184,"STUN_SPORE, SLEEP_POWDER, ACID, PETAL_DANCE",MEDIUM_SLOW,"SWORDS_DANCE, TOXIC, BODY_SLAM, TAKE_DOWN, DOUBLE_EDGE, HYPER_BEAM, RAGE, MEGA_DRAIN, SOLARBEAM, MIMIC, DOUBLE_TEAM, REFLECT, BIDE, REST, SUBSTITUTE, CUT",None,
espeon,ESPEON,55,50,45,120,135,85,NORMAL,NORMAL,30,255,"POUND, DOUBLESLAP, NO_MOVE, NO_MOVE",FAST,"MEGA_PUNCH, MEGA_KICK, TOXIC, BODY_SLAM, TAKE_DOWN, DOUBLE_EDGE, BUBBLEBEAM, WATER_GUN, ICE_BEAM, BLIZZARD, HYPER_BEAM, SUBMISSION, COUNTER, SEISMIC_TOSS, RAGE, SOLARBEAM, THUNDERBOLT, THUNDER, PSYCHIC_M, TELEPORT, MIMIC, DOUBLE_TEAM, REFLECT, BIDE, METRONOME, EGG_BOMB, FIRE_BLAST, SKULL_BASH, SOFTBOILED, REST, THUNDER_WAVE, PSYWAVE, TRI_ATTACK, SUBSTITUTE, STRENGTH, FLASH",None,
exeggcute,EXEGGCUTE,55,50,45,120,135,85,GRASS,PSYCHIC,90,98,"BARRAGE, HYPNOSIS, NO_MOVE, NO_MOVE",SLOW,"TOXIC, TAKE_DOWN, DOUBLE_EDGE, RAGE, PSYCHIC_M, TELEPORT, MIMIC, DOUBLE_TEAM, REFLECT, BIDE, SELFDESTRUCT, EGG_BOMB, REST, PSYWAVE, EXPLOSION, SUBSTITUTE",EVOLVE_ITEM LEAF_STONE 1 EXEGGUTOR,"L25:REFLECT, L28:LEECH_SEED, L32:STUN_SPORE, L37:POISONPOWDER, L42:SOLARBEAM, L48:SLEEP_POWDER"
exeggutor,EXEGGUTOR,55,50,45,120,135,85,GRASS,PSYCHIC,45,212,"BARRAGE, HYPNOSIS, NO_MOVE, NO_MOVE",SLOW,"TOXIC, TAKE_DOWN, DOUBLE_EDGE, HYPER_BEAM, RAGE, MEGA_DRAIN, SOLARBEAM, PSYCHIC_M, TELEPORT, MIMIC, DOUBLE_TEAM, REFLECT, BIDE, SELFDESTRUCT, EGG_BOMB, REST, PSYWAVE, EXPLOSION, SUBSTITUTE, STRENGTH",None,L28:STOMP
exeggutora,EXEGGUTORA,55,50,45,120,135,85,ROCK,GROUND,120,134,"TACKLE, DEFENSE_CURL, NO_MOVE, NO_MOVE",MEDIUM_SLOW,"MEGA_PUNCH, TOXIC, BODY_SLAM, TAKE_DOWN, DOUBLE_EDGE, SUBMISSION, COUNTER, SEISMIC_TOSS, RAGE, EARTHQUAKE, FISSURE, DIG, MIMIC, DOUBLE_TEAM, BIDE, METRONOME, SELFDESTRUCT, FIRE_BLAST, REST, EXPLOSION, ROCK_SLIDE, SUBSTITUTE, STRENGTH",None,
farfetchd,FARFETCHD,55,50,45,120,135,85,NORMAL,FLYING,45,94,"PECK, SAND_ATTACK, NO_MOVE, NO_MOVE",MEDIUM_FAST,"RAZOR_WIND, SWORDS_DANCE, WHIRLWIND, TOXIC, BODY_SLAM, TAKE_DOWN, DOUBLE_EDGE, RAGE, MIMIC, DOUBLE_TEAM, REFLECT, BIDE, SWIFT, SKULL_BASH, REST, SUBSTITUTE, CUT, FLY",None,"L7:LEER, L15:FURY_ATTACK, L23:SWORDS_DANCE, L31:AGILITY, L39:SLASH"
farfetchdg,FARFETCHDG,55,50,45,120,135,85,FIRE,FIRE,190,152,"EMBER, NO_MOVE, NO_MOVE, NO_MOVE",MEDIUM_FAST,"TOXIC, HORN_DRILL, BODY_SLAM, TAKE_DOWN, DOUBLE_EDGE, RAGE, MIMIC, DOUBLE_TEAM, REFLECT, BIDE, FIRE_BLAST, SWIFT, SKULL_BASH, REST, SUBSTITUTE",None,
fearow,FEAROW,55,50,45,120,135,85,NORMAL,FLYING,90,162,"PECK, GROWL, LEER, NO_MOVE",MEDIUM_FAST,"RAZOR_WIND, WHIRLWIND, TOXIC, TAKE_DOWN, DOUBLE_EDGE, HYPER_BEAM, RAGE, MIMIC, DOUBLE_TEAM, BIDE, SWIFT, SKY_ATTACK, REST, SUBSTITUTE, FLY",None,"L9:LEER, L15:FURY_ATTACK, L25:MIRROR_MOVE, L34:DRILL_PECK, L43:AGILITY"
flareon,FLAREON,55,50,45,120,135,85,FIRE,FIRE,45,198,"TACKLE, SAND_ATTACK, QUICK_ATTACK, EMBER",MEDIUM_FAST,"TOXIC, BODY_SLAM, TAKE_DOWN, DOUBLE_EDGE, HYPER_BEAM, RAGE, MIMIC, DOUBLE_TEAM, REFLECT, BIDE, FIRE_BLAST, SWIFT, SKULL_BASH, REST, SUBSTITUTE",None,"L27:QUICK_ATTACK, L31:EMBER, L37:TAIL_WHIP, L40:BITE, L42:LEER, L44:FIRE_SPIN, L48:RAGE, L54:FLAMETHROWER"
gastly,GASTLY,55,50,45,120,135,85,GHOST,POISON,190,95,"LICK, CONFUSE_RAY, NIGHT_SHADE, NO_MOVE",MEDIUM_SLOW,"TOXIC, RAGE, MEGA_DRAIN, THUNDERBOLT, THUNDER, PSYCHIC_M, MIMIC, DOUBLE_TEAM, BIDE, SELFDESTRUCT, DREAM_EATER, REST, PSYWAVE, EXPLOSION, SUBSTITUTE",EVOLVE_LEVEL 25 HAUNTER,"L27:HYPNOSIS, L35:DREAM_EATER"
gengar,GENGAR,55,50,45,120,135,85,GHOST,POISON,45,190,"LICK, CONFUSE_RAY, NIGHT_SHADE, NO_MOVE",MEDIUM_SLOW,"MEGA_PUNCH, MEGA_KICK, TOXIC, BODY_SLAM, TAKE_DOWN, DOUBLE_EDGE, HYPER_BEAM, SUBMISSION, COUNTER, SEISMIC_TOSS, RAGE, MEGA_DRAIN, THUNDERBOLT, THUNDER, PSYCHIC_M, MIMIC, DOUBLE_TEAM, BIDE, METRONOME, SELFDESTRUCT, SKULL_BASH, DREAM_EATER, REST, PSYWAVE, EXPLOSION, SUBSTITUTE, STRENGTH",None,"L29:HYPNOSIS, L38:DREAM_EATER"
geodude,GEODUDE,55,50,45,120,135,85,ROCK,GROUND,255,86,"TACKLE, NO_MOVE, NO_MOVE, NO_MOVE",MEDIUM_SLOW,"MEGA_PUNCH, TOXIC, BODY_SLAM, TAKE_DOWN, DOUBLE_EDGE, SUBMISSION, COUNTER, SEISMIC_TOSS, RAGE, EARTHQUAKE, FISSURE, DIG, MIMIC, DOUBLE_TEAM, BIDE, METRONOME, SELFDESTRUCT, FIRE_BLAST, REST, EXPLOSION, ROCK_SLIDE, SUBSTITUTE, STRENGTH",EVOLVE_LEVEL 25 GRAVELER,"L11:DEFENSE_CURL, L16:ROCK_THROW, L21:SELFDESTRUCT, L26:HARDEN, L31:EARTHQUAKE, L36:EXPLOSION"
geodudea,GEODUDEA,55,50,45,120,135,85,ROCK,GROUND,120,134,"TACKLE, DEFENSE_CURL, NO_MOVE, NO_MOVE",MEDIUM_SLOW,"MEGA_PUNCH, TOXIC, BODY_SLAM, TAKE_DOWN, DOUBLE_EDGE, SUBMISSION, COUNTER, SEISMIC_TOSS, RAGE, EARTHQUAKE, FISSURE, DIG, MIMIC, DOUBLE_TEAM, BIDE, METRONOME, SELFDESTRUCT, FIRE_BLAST, REST, EXPLOSION, ROCK_SLIDE, SUBSTITUTE, STRENGTH",None,
glaceon,GLACEON,55,50,45,120,135,85,GROUND,GROUND,190,87,"BONE_CLUB, GROWL, NO_MOVE, NO_MOVE",MEDIUM_FAST,"MEGA_PUNCH, MEGA_KICK, TOXIC, BODY_SLAM, TAKE_DOWN, DOUBLE_EDGE, BUBBLEBEAM, WATER_GUN, ICE_BEAM, BLIZZARD, SUBMISSION, COUNTER, SEISMIC_TOSS, RAGE, EARTHQUAKE, FISSURE, DIG, MIMIC, DOUBLE_TEAM, BIDE, FIRE_BLAST, SKULL_BASH, REST, SUBSTITUTE, STRENGTH",None,
gloom,GLOOM,55,50,45,120,135,85,GRASS,POISON,120,132,"ABSORB, POISONPOWDER, STUN_SPORE, NO_MOVE",MEDIUM_SLOW,"SWORDS_DANCE, TOXIC, TAKE_DOWN, DOUBLE_EDGE, RAGE, MEGA_DRAIN, SOLARBEAM, MIMIC, DOUBLE_TEAM, REFLECT, BIDE, REST, SUBSTITUTE, CUT",EVOLVE_ITEM LEAF_STONE 1 VILEPLUME,"L15:POISONPOWDER, L17:STUN_SPORE, L19:SLEEP_POWDER, L28:ACID, L38:PETAL_DANCE, L52:SOLARBEAM"
golbat,GOLBAT,55,50,45,120,135,85,POISON,FLYING,90,171,"LEECH_LIFE, SCREECH, BITE, NO_MOVE",MEDIUM_FAST,"RAZOR_WIND, WHIRLWIND, TOXIC, TAKE_DOWN, DOUBLE_EDGE, HYPER_BEAM, RAGE, MEGA_DRAIN, MIMIC, DOUBLE_TEAM, BIDE, SWIFT, REST, SUBSTITUTE",EVOLVE_LEVEL 32 CROBAT,"L10:SUPERSONIC, L15:BITE, L21:CONFUSE_RAY, L32:WING_ATTACK, L43:HAZE"
goldeen,GOLDEEN,55,50,45,120,135,85,WATER,WATER,225,111,"PECK, TAIL_WHIP, NO_MOVE, NO_MOVE",MEDIUM_FAST,"TOXIC, HORN_DRILL, TAKE_DOWN, DOUBLE_EDGE, BUBBLEBEAM, WATER_GUN, ICE_BEAM, BLIZZARD, RAGE, MIMIC, DOUBLE_TEAM, BIDE, SWIFT, SKULL_BASH, REST, SUBSTITUTE, SURF",EVOLVE_LEVEL 33 SEAKING,"L19:SUPERSONIC, L24:HORN_ATTACK, L30:FURY_ATTACK, L37:WATERFALL, L45:HORN_DRILL, L54:AGILITY"
golduck,GOLDUCK,55,50,45,120,135,85,WATER,WATER,75,174,"SCRATCH, TAIL_WHIP, DISABLE, NO_MOVE",MEDIUM_FAST,"MEGA_PUNCH, MEGA_KICK, TOXIC, BODY_SLAM, TAKE_DOWN, DOUBLE_EDGE, BUBBLEBEAM, WATER_GUN, ICE_BEAM, BLIZZARD, HYPER_BEAM, PAY_DAY, SUBMISSION, COUNTER, SEISMIC_TOSS, RAGE, DIG, MIMIC, DOUBLE_TEAM, BIDE, SWIFT, SKULL_BASH, REST, SUBSTITUTE, SURF, STRENGTH",None,"L28:TAIL_WHIP, L31:DISABLE, L39:CONFUSION, L48:FURY_SWIPES, L59:HYDRO_PUMP"
golem,GOLEM,55,50,45,120,135,85,ROCK,GROUND,45,177,"TACKLE, DEFENSE_CURL, NO_MOVE, NO_MOVE",MEDIUM_SLOW,"MEGA_PUNCH, MEGA_KICK, TOXIC, BODY_SLAM, TAKE_DOWN, DOUBLE_EDGE, HYPER_BEAM, SUBMISSION, COUNTER, SEISMIC_TOSS, RAGE, EARTHQUAKE, FISSURE, DIG, MIMIC, DOUBLE_TEAM, BIDE, METRONOME, SELFDESTRUCT, FIRE_BLAST, REST, EXPLOSION, ROCK_SLIDE, SUBSTITUTE, STRENGTH",None,"L11:DEFENSE_CURL, L16:ROCK_THROW, L21:SELFDESTRUCT, L29:HARDEN, L36:EARTHQUAKE, L43:EXPLOSION"
golema,GOLEMA,55,50,45,120,135,85,ROCK,GROUND,45,177,"TACKLE, DEFENSE_CURL, NO_MOVE, NO_MOVE",MEDIUM_SLOW,"MEGA_PUNCH, MEGA_KICK, TOXIC, BODY_SLAM, TAKE_DOWN, DOUBLE_EDGE, HYPER_BEAM, SUBMISSION, COUNTER, SEISMIC_TOSS, RAGE, EARTHQUAKE, FISSURE, DIG, MIMIC, DOUBLE_TEAM, BIDE, METRONOME, SELFDESTRUCT, FIRE_BLAST, REST, EXPLOSION, ROCK_SLIDE, SUBSTITUTE, STRENGTH",None,
graveler,GRAVELER,55,50,45,120,135,85,ROCK,GROUND,120,134,"TACKLE, DEFENSE_CURL, NO_MOVE, NO_MOVE",MEDIUM_SLOW,"MEGA_PUNCH, TOXIC, BODY_SLAM, TAKE_DOWN, DOUBLE_EDGE, SUBMISSION, COUNTER, SEISMIC_TOSS, RAGE, EARTHQUAKE, FISSURE, DIG, MIMIC, DOUBLE_TEAM, BIDE, METRONOME, SELFDESTRUCT, FIRE_BLAST, REST, EXPLOSION, ROCK_SLIDE, SUBSTITUTE, STRENGTH",EVOLVE_TRADE 1 GOLEM,"L11:DEFENSE_CURL, L16:ROCK_THROW, L21:SELFDESTRUCT, L29:HARDEN, L36:EARTHQUAKE, L43:EXPLOSION"
gravelera,GRAVELERA,55,50,45,120,135,85,ROCK,GROUND,120,134,"TACKLE, DEFENSE_CURL, NO_MOVE, NO_MOVE",MEDIUM_SLOW,"MEGA_PUNCH, TOXIC, BODY_SLAM, TAKE_DOWN, DOUBLE_EDGE, SUBMISSION, COUNTER, SEISMIC_TOSS, RAGE, EARTHQUAKE, FISSURE, DIG, MIMIC, DOUBLE_TEAM, BIDE, METRONOME, SELFDESTRUCT, FIRE_BLAST, REST, EXPLOSION, ROCK_SLIDE, SUBSTITUTE, STRENGTH",None,
grimer,GRIMER,55,50,45,120,135,85,POISON,POISON,190,90,"POUND, DISABLE, NO_MOVE, NO_MOVE",MEDIUM_FAST,"TOXIC, BODY_SLAM, RAGE, MEGA_DRAIN, THUNDERBOLT, THUNDER, MIMIC, DOUBLE_TEAM, BIDE, SELFDESTRUCT, FIRE_BLAST, REST, EXPLOSION, SUBSTITUTE",EVOLVE_LEVEL 38 MUK,"L30:POISON_GAS, L33:MINIMIZE, L37:SLUDGE, L42:HARDEN, L48:SCREECH, L55:ACID_ARMOR"
grimera,GRIMERA,55,50,45,120,135,85,WATER,WATER,75,174,"SCRATCH, TAIL_WHIP, DISABLE, NO_MOVE",MEDIUM_FAST,"MEGA_PUNCH, MEGA_KICK, TOXIC, BODY_SLAM, TAKE_DOWN, DOUBLE_EDGE, BUBBLEBEAM, WATER_GUN, ICE_BEAM, BLIZZARD, HYPER_BEAM, PAY_DAY, SUBMISSION, COUNTER, SEISMIC_TOSS, RAGE, DIG, MIMIC, DOUBLE_TEAM, BIDE, SWIFT, SKULL_BASH, REST, SUBSTITUTE, SURF, STRENGTH",None,
growlithe,GROWLITHE,55,50,45,120,135,85,FIRE,FIRE,190,91,"BITE, ROAR, NO_MOVE, NO_MOVE",SLOW,"TOXIC, BODY_SLAM, TAKE_DOWN, DOUBLE_EDGE, RAGE, DRAGON_RAGE, DIG, MIMIC, DOUBLE_TEAM, REFLECT, BIDE, FIRE_BLAST, SWIFT, SKULL_BASH, REST, SUBSTITUTE",EVOLVE_ITEM FIRE_STONE 1 ARCANINE,"L18:EMBER, L23:LEER, L30:TAKE_DOWN, L39:AGILITY, L50:FLAMETHROWER"
growlitheh,GROWLITHEH,55,50,45,120,135,85,POISON,POISON,190,90,"POUND, DISABLE, NO_MOVE, NO_MOVE",MEDIUM_FAST,"TOXIC, BODY_SLAM, RAGE, MEGA_DRAIN, THUNDERBOLT, THUNDER, MIMIC, DOUBLE_TEAM, BIDE, SELFDESTRUCT, FIRE_BLAST, REST, EXPLOSION, SUBSTITUTE",None,
gyarados,GYARADOS,55,50,45,120,135,85,WATER,FLYING,45,214,"BITE, DRAGON_RAGE, LEER, HYDRO_PUMP",SLOW,"TOXIC, BODY_SLAM, TAKE_DOWN, DOUBLE_EDGE, BUBBLEBEAM, WATER_GUN, ICE_BEAM, BLIZZARD, HYPER_BEAM, RAGE, DRAGON_RAGE, THUNDERBOLT, THUNDER, MIMIC, DOUBLE_TEAM, REFLECT, BIDE, FIRE_BLAST, SKULL_BASH, REST, SUBSTITUTE, SURF, STRENGTH",None,"L20:BITE, L25:DRAGON_RAGE, L32:LEER, L41:HYDRO_PUMP, L52:HYPER_BEAM"
haunter,HAUNTER,55,50,45,120,135,85,GHOST,POISON,90,126,"LICK, CONFUSE_RAY, NIGHT_SHADE, NO_MOVE",MEDIUM_SLOW,"TOXIC, RAGE, MEGA_DRAIN, THUNDERBOLT, THUNDER, PSYCHIC_M, MIMIC, DOUBLE_TEAM, BIDE, SELFDESTRUCT, DREAM_EATER, REST, PSYWAVE, EXPLOSION, SUBSTITUTE",EVOLVE_TRADE 1 GENGAR,"L29:HYPNOSIS, L38:DREAM_EATER"
hitmonchan,HITMONCHAN,55,50,45,120,135,85,FIGHTING,FIGHTING,45,140,"COMET_PUNCH, AGILITY, NO_MOVE, NO_MOVE",MEDIUM_FAST,"MEGA_PUNCH, MEGA_KICK, TOXIC, BODY_SLAM, TAKE_DOWN, DOUBLE_EDGE, SUBMISSION, COUNTER, SEISMIC_TOSS, RAGE, MIMIC, DOUBLE_TEAM, BIDE, METRONOME, SWIFT, SKULL_BASH, REST, SUBSTITUTE, STRENGTH",None,"L33:FIRE_PUNCH, L38:ICE_PUNCH, L43:THUNDERPUNCH, L48:MEGA_PUNCH, L53:COUNTER"
hitmonlee,HITMONLEE,55,50,45,120,135,85,FIGHTING,FIGHTING,45,139,"DOUBLE_KICK, MEDITATE, NO_MOVE, NO_MOVE",MEDIUM_FAST,"MEGA_PUNCH, MEGA_KICK, TOXIC, BODY_SLAM, TAKE_DOWN, DOUBLE_EDGE, SUBMISSION, COUNTER, SEISMIC_TOSS, RAGE, MIMIC, DOUBLE_TEAM, BIDE, METRONOME, SWIFT, SKULL_BASH, REST, SUBSTITUTE, STRENGTH",None,"L33:ROLLING_KICK, L38:JUMP_KICK, L43:FOCUS_ENERGY, L48:HI_JUMP_KICK, L53:MEGA_KICK"
horsea,HORSEA,55,50,45,120,135,85,WATER,WATER,225,83,"BUBBLE, NO_MOVE, NO_MOVE, NO_MOVE",MEDIUM_FAST,"TOXIC, TAKE_DOWN, DOUBLE_EDGE, BUBBLEBEAM, WATER_GUN, ICE_BEAM, BLIZZARD, RAGE, MIMIC, DOUBLE_TEAM, BIDE, SWIFT, SKULL_BASH, REST, SUBSTITUTE, SURF",EVOLVE_LEVEL 32 SEADRA,"L19:SMOKESCREEN, L24:LEER, L30:WATER_GUN, L37:AGILITY, L45:HYDRO_PUMP"
hypno,HYPNO,55,50,45,120,135,85,PSYCHIC,PSYCHIC,75,165,"POUND, HYPNOSIS, DISABLE, CONFUSION",MEDIUM_FAST,"MEGA_PUNCH, MEGA_KICK, TOXIC, BODY_SLAM, TAKE_DOWN, DOUBLE_EDGE, HYPER_BEAM, SUBMISSION, COUNTER, SEISMIC_TOSS, RAGE, PSYCHIC_M, TELEPORT, MIMIC, DOUBLE_TEAM, REFLECT, BIDE, METRONOME, SKULL_BASH, DREAM_EATER, REST, THUNDER_WAVE, PSYWAVE, TRI_ATTACK, SUBSTITUTE, FLASH",None,"L12:DISABLE, L17:CONFUSION, L24:HEADBUTT, L33:POISON_GAS, L37:PSYCHIC_M, L43:MEDITATE"
ivysaur,IVYSAUR,55,50,45,120,135,85,GRASS,POISON,45,141,"TACKLE, GROWL, LEECH_SEED, NO_MOVE",MEDIUM_SLOW,"SWORDS_DANCE, TOXIC, BODY_SLAM, TAKE_DOWN, DOUBLE_EDGE, RAGE, MEGA_DRAIN, SOLARBEAM, MIMIC, DOUBLE_TEAM, REFLECT, BIDE, REST, SUBSTITUTE, CUT",EVOLVE_LEVEL 32 VENUSAUR,"L7:LEECH_SEED, L13:VINE_WHIP, L22:POISONPOWDER, L30:RAZOR_LEAF, L38:GROWTH, L46:SLEEP_POWDER, L54:SOLARBEAM"
jigglypuff,JIGGLYPUFF,55,50,45,120,135,85,NORMAL,NORMAL,170,76,"SING, NO_MOVE, NO_MOVE, NO_MOVE",FAST,"MEGA_PUNCH, MEGA_KICK, TOXIC, BODY_SLAM, TAKE_DOWN, DOUBLE_EDGE, BUBBLEBEAM, WATER_GUN, ICE_BEAM, BLIZZARD, SUBMISSION, COUNTER, SEISMIC_TOSS, RAGE, SOLARBEAM, THUNDERBOLT, THUNDER, PSYCHIC_M, TELEPORT, MIMIC, DOUBLE_TEAM, REFLECT, BIDE, FIRE_BLAST, SKULL_BASH, REST, THUNDER_WAVE, PSYWAVE, TRI_ATTACK, SUBSTITUTE, STRENGTH, FLASH",EVOLVE_ITEM MOON_STONE 1 WIGGLYTUFF,"L9:POUND, L14:DISABLE, L19:DEFENSE_CURL, L24:DOUBLESLAP, L29:REST, L34:BODY_SLAM, L39:DOUBLE_EDGE"
jolteon,JOLTEON,55,50,45,120,135,85,ELECTRIC,ELECTRIC,45,197,"TACKLE, SAND_ATTACK, QUICK_ATTACK, THUNDERSHOCK",MEDIUM_FAST,"TOXIC, BODY_SLAM, TAKE_DOWN, DOUBLE_EDGE, HYPER_BEAM, RAGE, THUNDERBOLT, THUNDER, MIMIC, DOUBLE_TEAM, REFLECT, BIDE, SWIFT, SKULL_BASH, REST, THUNDER_WAVE, SUBSTITUTE, FLASH",None,"L27:QUICK_ATTACK, L31:THUNDERSHOCK, L37:TAIL_WHIP, L40:THUNDER_WAVE, L42:DOUBLE_KICK, L44:AGILITY, L48:PIN_MISSILE, L54:THUNDER"
jynx,JYNX,55,50,45,120,135,85,ICE,PSYCHIC,45,137,"POUND, LOVELY_KISS, NO_MOVE, NO_MOVE",MEDIUM_FAST,"MEGA_PUNCH, MEGA_KICK, TOXIC, BODY_SLAM, TAKE_DOWN, DOUBLE_EDGE, BUBBLEBEAM, WATER_GUN, ICE_BEAM, BLIZZARD, HYPER_BEAM, SUBMISSION, COUNTER, SEISMIC_TOSS, RAGE, PSYCHIC_M, TELEPORT, MIMIC, DOUBLE_TEAM, REFLECT, BIDE, METRONOME, SKULL_BASH, REST, PSYWAVE, SUBSTITUTE",None,"L18:LICK, L23:DOUBLESLAP, L31:ICE_PUNCH, L39:BODY_SLAM, L47:THRASH, L58:BLIZZARD"
kabuto,KABUTO,55,50,45,120,135,85,ROCK,WATER,45,119,"SCRATCH, HARDEN, NO_MOVE, NO_MOVE",MEDIUM_FAST,"TOXIC, BODY_SLAM, TAKE_DOWN, DOUBLE_EDGE, BUBBLEBEAM, WATER_GUN, ICE_BEAM, BLIZZARD, RAGE, MIMIC, DOUBLE_TEAM, REFLECT, BIDE, REST, SUBSTITUTE, SURF",EVOLVE_LEVEL 40 KABUTOPS,"L34:ABSORB, L39:SLASH, L44:LEER, L49:HYDRO_PUMP"
kabutops,KABUTOPS,55,50,45,120,135,85,ROCK,WATER,45,201,"SCRATCH, HARDEN, ABSORB, NO_MOVE",MEDIUM_FAST,"RAZOR_WIND, SWORDS_DANCE, MEGA_KICK, TOXIC, BODY_SLAM, TAKE_DOWN, DOUBLE_EDGE, BUBBLEBEAM, WATER_GUN, ICE_BEAM, BLIZZARD, HYPER_BEAM, SUBMISSION, SEISMIC_TOSS, RAGE, MIMIC, DOUBLE_TEAM, REFLECT, BIDE, SKULL_BASH, REST, SUBSTITUTE, SURF",None,"L34:ABSORB, L39:SLASH, L46:LEER, L53:HYDRO_PUMP"
kadabra,KADABRA,55,50,45,120,135,85,PSYCHIC,PSYCHIC,100,145,"TELEPORT, CONFUSION, DISABLE, NO_MOVE",MEDIUM_SLOW,"MEGA_PUNCH, MEGA_KICK, TOXIC, BODY_SLAM, TAKE_DOWN, DOUBLE_EDGE, SUBMISSION, COUNTER, SEISMIC_TOSS, RAGE, DIG, PSYCHIC_M, TELEPORT, MIMIC, DOUBLE_TEAM, REFLECT, BIDE, METRONOME, SKULL_BASH, REST, THUNDER_WAVE, PSYWAVE, TRI_ATTACK, SUBSTITUTE, FLASH",EVOLVE_TRADE 1 ALAKAZAM,"L16:CONFUSION, L20:DISABLE, L27:PSYBEAM, L31:RECOVER, L38:PSYCHIC_M, L42:REFLECT"
kakuna,KAKUNA,55,50,45,120,135,85,BUG,POISON,120,71,"HARDEN, NO_MOVE, NO_MOVE, NO_MOVE",MEDIUM_FAST,,EVOLVE_LEVEL 10 BEEDRILL,
kangaskhan,KANGASKHAN,55,50,45,120,135,85,NORMAL,NORMAL,45,175,"COMET_PUNCH, RAGE, NO_MOVE, NO_MOVE",MEDIUM_FAST,"MEGA_PUNCH, MEGA_KICK, TOXIC, BODY_SLAM, TAKE_DOWN, DOUBLE_EDGE, BUBBLEBEAM, WATER_GUN, ICE_BEAM, BLIZZARD, HYPER_BEAM, SUBMISSION, COUNTER, SEISMIC_TOSS, RAGE, THUNDERBOLT, THUNDER, EARTHQUAKE, FISSURE, MIMIC, DOUBLE_TEAM, BIDE, FIRE_BLAST, SKULL_BASH, REST, ROCK_SLIDE, SUBSTITUTE, SURF, STRENGTH",None,"L26:BITE, L31:TAIL_WHIP, L36:MEGA_PUNCH, L41:LEER, L46:DIZZY_PUNCH"
kingdra,KINGDRA,25,20,15,90,105,55,PSYCHIC,PSYCHIC,200,73,"TELEPORT, NO_MOVE, NO_MOVE, NO_MOVE",MEDIUM_SLOW,"MEGA_PUNCH, MEGA_KICK, TOXIC, BODY_SLAM, TAKE_DOWN, DOUBLE_EDGE, SUBMISSION, COUNTER, SEISMIC_TOSS, RAGE, PSYCHIC_M, TELEPORT, MIMIC, DOUBLE_TEAM, REFLECT, BIDE, METRONOME, SKULL_BASH, REST, THUNDER_WAVE, PSYWAVE, TRI_ATTACK, SUBSTITUTE, FLASH",None,
kingler,KINGLER,55,50,45,120,135,85,WATER,WATER,60,206,"BUBBLE, LEER, VICEGRIP, NO_MOVE",MEDIUM_FAST,"SWORDS_DANCE, TOXIC, BODY_SLAM, TAKE_DOWN, DOUBLE_EDGE, BUBBLEBEAM, WATER_GUN, ICE_BEAM, BLIZZARD, HYPER_BEAM, RAGE, MIMIC, DOUBLE_TEAM, BIDE, REST, SUBSTITUTE, CUT, SURF, STRENGTH",None,"L20:VICEGRIP, L25:GUILLOTINE, L34:STOMP, L42:CRABHAMMER, L49:HARDEN"
kleavor,KLEAVOR,55,50,45,120,135,85,WATER,ICE,75,176,"HEADBUTT, GROWL, AURORA_BEAM, NO_MOVE",MEDIUM_FAST,"TOXIC, HORN_DRILL, BODY_SLAM, TAKE_DOWN, DOUBLE_EDGE, BUBBLEBEAM, WATER_GUN, ICE_BEAM, BLIZZARD, HYPER_BEAM, PAY_DAY, RAGE, MIMIC, DOUBLE_TEAM, BIDE, SKULL_BASH, REST, SUBSTITUTE, SURF, STRENGTH",None,
koffing,KOFFING,55,50,45,120,135,85,POISON,POISON,190,114,"TACKLE, SMOG, NO_MOVE, NO_MOVE",MEDIUM_FAST,"TOXIC, RAGE, THUNDERBOLT, THUNDER, MIMIC, DOUBLE_TEAM, BIDE, SELFDESTRUCT, FIRE_BLAST, REST, EXPLOSION, SUBSTITUTE",EVOLVE_LEVEL 35 WEEZING,"L32:SLUDGE, L37:SMOKESCREEN, L40:SELFDESTRUCT, L45:HAZE, L48:EXPLOSION"
krabby,KRABBY,55,50,45,120,135,85,WATER,WATER,225,115,"BUBBLE, LEER, NO_MOVE, NO_MOVE",MEDIUM_FAST,"SWORDS_DANCE, TOXIC, BODY_SLAM, TAKE_DOWN, DOUBLE_EDGE, BUBBLEBEAM, WATER_GUN, ICE_BEAM, BLIZZARD, RAGE, MIMIC, DOUBLE_TEAM, BIDE, REST, SUBSTITUTE, CUT, SURF, STRENGTH",EVOLVE_LEVEL 28 KINGLER,"L20:VICEGRIP, L25:GUILLOTINE, L30:STOMP, L35:CRABHAMMER, L40:HARDEN"
lapras,LAPRAS,55,50,45,120,135,85,WATER,ICE,45,219,"WATER_GUN, GROWL, NO_MOVE, NO_MOVE",SLOW,"TOXIC, HORN_DRILL, BODY_SLAM, TAKE_DOWN, DOUBLE_EDGE, BUBBLEBEAM, WATER_GUN, ICE_BEAM, BLIZZARD, HYPER_BEAM, RAGE, SOLARBEAM, DRAGON_RAGE, THUNDERBOLT, THUNDER, PSYCHIC_M, MIMIC, DOUBLE_TEAM, REFLECT, BIDE, SKULL_BASH, REST, PSYWAVE, SUBSTITUTE, SURF, STRENGTH",None,"L16:SING, L20:MIST, L25:BODY_SLAM, L31:CONFUSE_RAY, L38:ICE_BEAM, L46:HYDRO_PUMP"
leafeon,LEAFEON,55,50,45,120,135,85,NORMAL,NORMAL,35,61,"TRANSFORM, NO_MOVE, NO_MOVE, NO_MOVE",MEDIUM_FAST,,None,
lickilicky,LICKILICKY,55,50,45,120,135,85,FIRE,FIRE,45,142,"SCRATCH, GROWL, EMBER, NO_MOVE",MEDIUM_SLOW,"MEGA_PUNCH, SWORDS_DANCE, MEGA_KICK, TOXIC, BODY_SLAM, TAKE_DOWN, DOUBLE_EDGE, SUBMISSION, COUNTER, SEISMIC_TOSS, RAGE, DRAGON_RAGE, DIG, MIMIC, DOUBLE_TEAM, REFLECT, BIDE, FIRE_BLAST, SWIFT, SKULL_BASH, REST, SUBSTITUTE, CUT, STRENGTH",None,
lickitung,LICKITUNG,55,50,45,120,135,85,NORMAL,NORMAL,45,127,"WRAP, SUPERSONIC, NO_MOVE, NO_MOVE",MEDIUM_FAST,"MEGA_PUNCH, SWORDS_DANCE, MEGA_KICK, TOXIC, BODY_SLAM, TAKE_DOWN, DOUBLE_EDGE, BUBBLEBEAM, WATER_GUN, ICE_BEAM, BLIZZARD, HYPER_BEAM, SUBMISSION, COUNTER, SEISMIC_TOSS, RAGE, THUNDERBOLT, THUNDER, EARTHQUAKE, FISSURE, MIMIC, DOUBLE_TEAM, BIDE, FIRE_BLAST, SKULL_BASH, REST, SUBSTITUTE, CUT, SURF, STRENGTH",None,"L7:STOMP, L15:DISABLE, L23:DEFENSE_CURL, L31:SLAM, L39:SCREECH"
machamp,MACHAMP,55,50,45,120,135,85,FIGHTING,FIGHTING,45,193,"KARATE_CHOP, LOW_KICK, LEER, NO_MOVE",MEDIUM_SLOW,"MEGA_PUNCH, MEGA_KICK, TOXIC, BODY_SLAM, TAKE_DOWN, DOUBLE_EDGE, HYPER_BEAM, SUBMISSION, COUNTER, SEISMIC_TOSS, RAGE, EARTHQUAKE, FISSURE, DIG, MIMIC, DOUBLE_TEAM, BIDE, METRONOME, FIRE_BLAST, SKULL_BASH, REST, ROCK_SLIDE, SUBSTITUTE, STRENGTH",None,"L20:LOW_KICK, L25:LEER, L36:FOCUS_ENERGY, L44:SEISMIC_TOSS, L52:SUBMISSION"
machoke,MACHOKE,55,50,45,120,135,85,FIGHTING,FIGHTING,90,146,"KARATE_CHOP, LOW_KICK, LEER, NO_MOVE",MEDIUM_SLOW,"MEGA_PUNCH, MEGA_KICK, TOXIC, BODY_SLAM, TAKE_DOWN, DOUBLE_EDGE, SUBMISSION, COUNTER, SEISMIC_TOSS, RAGE, EARTHQUAKE, FISSURE, DIG, MIMIC, DOUBLE_TEAM, BIDE, METRONOME, FIRE_BLAST, SKULL_BASH, REST, ROCK_SLIDE, SUBSTITUTE, STRENGTH",EVOLVE_TRADE 1 MACHAMP,"L20:LOW_KICK, L25:LEER, L36:FOCUS_ENERGY, L44:SEISMIC_TOSS, L52:SUBMISSION"
machop,MACHOP,55,50,45,120,135,85,FIGHTING,FIGHTING,180,88,"KARATE_CHOP, NO_MOVE, NO_MOVE, NO_MOVE",MEDIUM_SLOW,"MEGA_PUNCH, MEGA_KICK, TOXIC, BODY_SLAM, TAKE_DOWN, DOUBLE_EDGE, SUBMISSION, COUNTER, SEISMIC_TOSS, RAGE, EARTHQUAKE, FISSURE, DIG, MIMIC, DOUBLE_TEAM, BIDE, METRONOME, FIRE_BLAST, SKULL_BASH, REST, ROCK_SLIDE, SUBSTITUTE, STRENGTH",EVOLVE_LEVEL 28 MACHOKE,"L20:LOW_KICK, L25:LEER, L32:FOCUS_ENERGY, L39:SEISMIC_TOSS, L46:SUBMISSION"
magikarp,MAGIKARP,55,50,45,120,135,85,WATER,WATER,255,20,"SPLASH, NO_MOVE, NO_MOVE, NO_MOVE",SLOW,,EVOLVE_LEVEL 20 GYARADOS,L15:TACKLE
magmar,MAGMAR,55,50,45,120,135,85,FIRE,FIRE,45,167,"EMBER, NO_MOVE, NO_MOVE, NO_MOVE",MEDIUM_FAST,"MEGA_PUNCH, MEGA_KICK, TOXIC, BODY_SLAM, TAKE_DOWN, DOUBLE_EDGE, HYPER_BEAM, SUBMISSION, COUNTER, SEISMIC_TOSS, RAGE, PSYCHIC_M, TELEPORT, MIMIC, DOUBLE_TEAM, BIDE, METRONOME, FIRE_BLAST, SKULL_BASH, REST, PSYWAVE, SUBSTITUTE, STRENGTH",None,"L36:LEER, L39:CONFUSE_RAY, L43:FIRE_PUNCH, L48:SMOKESCREEN, L52:SMOG, L55:FLAMETHROWER"
magmortar,MAGMORTAR,55,50,45,120,135,85,DRAGON,DRAGON,45,144,"WRAP, LEER, THUNDER_WAVE, NO_MOVE",SLOW,"TOXIC, HORN_DRILL, BODY_SLAM, TAKE_DOWN, DOUBLE_EDGE, BUBBLEBEAM, WATER_GUN, ICE_BEAM, BLIZZARD, RAGE, DRAGON_RAGE, THUNDERBOLT, THUNDER, MIMIC, DOUBLE_TEAM, REFLECT, BIDE, FIRE_BLAST, SWIFT, SKULL_BASH, REST, THUNDER_WAVE, SUBSTITUTE, SURF",None,
magnemite,MAGNEMITE,55,50,45,120,135,85,ELECTRIC,ELECTRIC,190,89,"TACKLE, NO_MOVE, NO_MOVE, NO_MOVE",MEDIUM_FAST,"TOXIC, TAKE_DOWN, DOUBLE_EDGE, RAGE, THUNDERBOLT, THUNDER, TELEPORT, MIMIC, DOUBLE_TEAM, REFLECT, BIDE, SWIFT, REST, THUNDER_WAVE, SUBSTITUTE, FLASH",EVOLVE_LEVEL 30 MAGNETON,"L21:SONICBOOM, L25:THUNDERSHOCK, L29:SUPERSONIC, L35:THUNDER_WAVE, L41:SWIFT, L47:SCREECH"
magneton,MAGNETON,55,50,45,120,135,85,ELECTRIC,ELECTRIC,60,161,"TACKLE, SONICBOOM, THUNDERSHOCK, NO_MOVE",MEDIUM_FAST,"TOXIC, TAKE_DOWN, DOUBLE_EDGE, HYPER_BEAM, RAGE, THUNDERBOLT, THUNDER, TELEPORT, MIMIC, DOUBLE_TEAM, REFLECT, BIDE, SWIFT, REST, THUNDER_WAVE, SUBSTITUTE, FLASH",None,"L21:SONICBOOM, L25:THUNDERSHOCK, L29:SUPERSONIC, L38:THUNDER_WAVE, L46:SWIFT, L54:SCREECH"
magnezone,MAGNEZONE,25,20,15,90,105,55,PSYCHIC,PSYCHIC,200,73,"TELEPORT, NO_MOVE, NO_MOVE, NO_MOVE",MEDIUM_SLOW,"MEGA_PUNCH, MEGA_KICK, TOXIC, BODY_SLAM, TAKE_DOWN, DOUBLE_EDGE, SUBMISSION, COUNTER, SEISMIC_TOSS, RAGE, PSYCHIC_M, TELEPORT, MIMIC, DOUBLE_TEAM, REFLECT, BIDE, METRONOME, SKULL_BASH, REST, THUNDER_WAVE, PSYWAVE, TRI_ATTACK, SUBSTITUTE, FLASH",None,
mankey,MANKEY,55,50,45,120,135,85,FIGHTING,FIGHTING,190,74,"SCRATCH, LEER, NO_MOVE, NO_MOVE",MEDIUM_FAST,"MEGA_PUNCH, MEGA_KICK, TOXIC, BODY_SLAM, TAKE_DOWN, DOUBLE_EDGE, PAY_DAY, SUBMISSION, COUNTER, SEISMIC_TOSS, RAGE, THUNDERBOLT, THUNDER, DIG, MIMIC, DOUBLE_TEAM, BIDE, METRONOME, SWIFT, SKULL_BASH, REST, ROCK_SLIDE, SUBSTITUTE, STRENGTH",EVOLVE_LEVEL 28 PRIMEAPE,"L15:KARATE_CHOP, L21:FURY_SWIPES, L27:FOCUS_ENERGY, L33:SEISMIC_TOSS, L39:THRASH"
marowak,MAROWAK,55,50,45,120,135,85,GROUND,GROUND,75,124,"BONE_CLUB, GROWL, LEER, FOCUS_ENERGY",MEDIUM_FAST,"MEGA_PUNCH, MEGA_KICK, TOXIC, BODY_SLAM, TAKE_DOWN, DOUBLE_EDGE, BUBBLEBEAM, WATER_GUN, ICE_BEAM, BLIZZARD, HYPER_BEAM, SUBMISSION, COUNTER, SEISMIC_TOSS, RAGE, EARTHQUAKE, FISSURE, DIG, MIMIC, DOUBLE_TEAM, BIDE, FIRE_BLAST, SKULL_BASH, REST, SUBSTITUTE, STRENGTH",None,"L25:LEER, L33:FOCUS_ENERGY, L41:THRASH, L48:BONEMERANG, L55:RAGE"
marowaka,MAROWAKA,55,50,45,120,135,85,NORMAL,FLYING,90,162,"PECK, GROWL, LEER, NO_MOVE",MEDIUM_FAST,"RAZOR_WIND, WHIRLWIND, TOXIC, TAKE_DOWN, DOUBLE_EDGE, HYPER_BEAM, RAGE, MIMIC, DOUBLE_TEAM, BIDE, SWIFT, SKY_ATTACK, REST, SUBSTITUTE, FLY",None,
meowth,MEOWTH,55,50,45,120,135,85,NORMAL,NORMAL,255,69,"SCRATCH, GROWL, NO_MOVE, NO_MOVE",MEDIUM_FAST,"TOXIC, BODY_SLAM, TAKE_DOWN, DOUBLE_EDGE, BUBBLEBEAM, WATER_GUN, PAY_DAY, RAGE, THUNDERBOLT, THUNDER, MIMIC, DOUBLE_TEAM, BIDE, SWIFT, SKULL_BASH, REST, SUBSTITUTE",EVOLVE_LEVEL 28 PERSIAN,"L12:BITE, L17:PAY_DAY, L24:SCREECH, L33:FURY_SWIPES, L44:SLASH"
meowtha,MEOWTHA,55,50,45,120,135,85,POISON,POISON,190,90,"POUND, DISABLE, NO_MOVE, NO_MOVE",MEDIUM_FAST,"TOXIC, BODY_SLAM, RAGE, MEGA_DRAIN, THUNDERBOLT, THUNDER, MIMIC, DOUBLE_TEAM, BIDE, SELFDESTRUCT, FIRE_BLAST, REST, EXPLOSION, SUBSTITUTE",None,
meowthg,MEOWTHG,55,50,45,120,135,85,WATER,WATER,225,111,"PECK, TAIL_WHIP, NO_MOVE, NO_MOVE",MEDIUM_FAST,"TOXIC, HORN_DRILL, TAKE_DOWN, DOUBLE_EDGE, BUBBLEBEAM, WATER_GUN, ICE_BEAM, BLIZZARD, RAGE, MIMIC, DOUBLE_TEAM, BIDE, SWIFT, SKULL_BASH, REST, SUBSTITUTE, SURF",None,
metapod,METAPOD,55,50,45,120,135,85,BUG,BUG,120,72,"HARDEN, NO_MOVE, NO_MOVE, NO_MOVE",MEDIUM_FAST,,EVOLVE_LEVEL 10 BUTTERFREE,
mew,MEW,55,50,45,120,135,85,PSYCHIC,PSYCHIC,45,64,"POUND, NO_MOVE, NO_MOVE, NO_MOVE",MEDIUM_SLOW,"MEGA_PUNCH, RAZOR_WIND, SWORDS_DANCE, WHIRLWIND, MEGA_KICK, TOXIC, HORN_DRILL, BODY_SLAM, TAKE_DOWN, DOUBLE_EDGE, BUBBLEBEAM, WATER_GUN, ICE_BEAM, BLIZZARD, HYPER_BEAM, PAY_DAY, SUBMISSION, COUNTER, SEISMIC_TOSS, RAGE, MEGA_DRAIN, SOLARBEAM, DRAGON_RAGE, THUNDERBOLT, THUNDER, EARTHQUAKE, FISSURE, DIG, PSYCHIC_M, TELEPORT, MIMIC, DOUBLE_TEAM, REFLECT, BIDE, METRONOME, SELFDESTRUCT, EGG_BOMB, FIRE_BLAST, SWIFT, SKULL_BASH, SOFTBOILED, DREAM_EATER, SKY_ATTACK, REST, THUNDER_WAVE, PSYWAVE, EXPLOSION, ROCK_SLIDE, TRI_ATTACK, SUBSTITUTE, CUT, FLY, SURF, STRENGTH, FLASH, UNUSED",None,"L10:TRANSFORM, L20:MEGA_PUNCH, L30:METRONOME, L40:PSYCHIC_M"
mewtwo,MEWTWO,55,50,45,120,135,85,PSYCHIC,PSYCHIC,3,220,"CONFUSION, DISABLE, SWIFT, PSYCHIC_M",SLOW,"MEGA_PUNCH, MEGA_KICK, TOXIC, BODY_SLAM, TAKE_DOWN, DOUBLE_EDGE, BUBBLEBEAM, WATER_GUN, ICE_BEAM, BLIZZARD, HYPER_BEAM, PAY_DAY, SUBMISSION, COUNTER, SEISMIC_TOSS, RAGE, SOLARBEAM, THUNDERBOLT, THUNDER, PSYCHIC_M, TELEPORT, MIMIC, DOUBLE_TEAM, REFLECT, BIDE, METRONOME, SELFDESTRUCT, FIRE_BLAST, SKULL_BASH, REST, THUNDER_WAVE, PSYWAVE, TRI_ATTACK, SUBSTITUTE, STRENGTH, FLASH",None,"L63:BARRIER, L66:PSYCHIC_M, L70:RECOVER, L75:MIST, L81:AMNESIA"
moltres,MOLTRES,55,50,45,120,135,85,FIRE,FLYING,3,217,"PECK, FIRE_SPIN, NO_MOVE, NO_MOVE",SLOW,"RAZOR_WIND, WHIRLWIND, TOXIC, TAKE_DOWN, DOUBLE_EDGE, HYPER_BEAM, RAGE, MIMIC, DOUBLE_TEAM, REFLECT, BIDE, FIRE_BLAST, SWIFT, SKY_ATTACK, REST, SUBSTITUTE, FLY",None,"L51:LEER, L55:AGILITY, L60:SKY_ATTACK"
moltresg,MOLTRESG,25,20,15,90,105,55,PSYCHIC,PSYCHIC,200,73,"TELEPORT, NO_MOVE, NO_MOVE, NO_MOVE",MEDIUM_SLOW,"MEGA_PUNCH, MEGA_KICK, TOXIC, BODY_SLAM, TAKE_DOWN, DOUBLE_EDGE, SUBMISSION, COUNTER, SEISMIC_TOSS, RAGE, PSYCHIC_M, TELEPORT, MIMIC, DOUBLE_TEAM, REFLECT, BIDE, METRONOME, SKULL_BASH, REST, THUNDER_WAVE, PSYWAVE, TRI_ATTACK, SUBSTITUTE, FLASH",None,
mrmime,MR_MIME,55,50,45,120,135,85,PSYCHIC,PSYCHIC,45,136,"CONFUSION, BARRIER, NO_MOVE, NO_MOVE",MEDIUM_FAST,"MEGA_PUNCH, MEGA_KICK, TOXIC, BODY_SLAM, TAKE_DOWN, DOUBLE_EDGE, HYPER_BEAM, SUBMISSION, COUNTER, SEISMIC_TOSS, RAGE, SOLARBEAM, THUNDERBOLT, THUNDER, PSYCHIC_M, TELEPORT, MIMIC, DOUBLE_TEAM, REFLECT, BIDE, METRONOME, SKULL_BASH, REST, THUNDER_WAVE, PSYWAVE, SUBSTITUTE, FLASH",None,"L15:CONFUSION, L23:LIGHT_SCREEN, L31:DOUBLESLAP, L39:MEDITATE, L47:SUBSTITUTE"
mrmimeg,MRMIMEG,55,50,45,120,135,85,WATER,ICE,75,176,"HEADBUTT, GROWL, AURORA_BEAM, NO_MOVE",MEDIUM_FAST,"TOXIC, HORN_DRILL, BODY_SLAM, TAKE_DOWN, DOUBLE_EDGE, BUBBLEBEAM, WATER_GUN, ICE_BEAM, BLIZZARD, HYPER_BEAM, PAY_DAY, RAGE, MIMIC, DOUBLE_TEAM, BIDE, SKULL_BASH, REST, SUBSTITUTE, SURF, STRENGTH",None,
mrrime,MRRIME,55,50,45,120,135,85,WATER,ICE,75,176,"HEADBUTT, GROWL, AURORA_BEAM, NO_MOVE",MEDIUM_FAST,"TOXIC, HORN_DRILL, BODY_SLAM, TAKE_DOWN, DOUBLE_EDGE, BUBBLEBEAM, WATER_GUN, ICE_BEAM, BLIZZARD, HYPER_BEAM, PAY_DAY, RAGE, MIMIC, DOUBLE_TEAM, BIDE, SKULL_BASH, REST, SUBSTITUTE, SURF, STRENGTH",None,
muk,MUK,55,50,45,120,135,85,POISON,POISON,75,157,"POUND, DISABLE, POISON_GAS, NO_MOVE",MEDIUM_FAST,"TOXIC, BODY_SLAM, HYPER_BEAM, RAGE, MEGA_DRAIN, THUNDERBOLT, THUNDER, MIMIC, DOUBLE_TEAM, BIDE, SELFDESTRUCT, FIRE_BLAST, REST, EXPLOSION, SUBSTITUTE",None,"L30:POISON_GAS, L33:MINIMIZE, L37:SLUDGE, L45:HARDEN, L53:SCREECH, L60:ACID_ARMOR"
muka,MUKA,55,50,45,120,135,85,ROCK,GROUND,120,134,"TACKLE, DEFENSE_CURL, NO_MOVE, NO_MOVE",MEDIUM_SLOW,"MEGA_PUNCH, TOXIC, BODY_SLAM, TAKE_DOWN, DOUBLE_EDGE, SUBMISSION, COUNTER, SEISMIC_TOSS, RAGE, EARTHQUAKE, FISSURE, DIG, MIMIC, DOUBLE_TEAM, BIDE, METRONOME, SELFDESTRUCT, FIRE_BLAST, REST, EXPLOSION, ROCK_SLIDE, SUBSTITUTE, STRENGTH",None,
nidoking,NIDOKING,55,50,45,120,135,85,POISON,GROUND,45,195,"TACKLE, HORN_ATTACK, POISON_STING, THRASH",MEDIUM_SLOW,"MEGA_PUNCH, MEGA_KICK, TOXIC, HORN_DRILL, BODY_SLAM, TAKE_DOWN, DOUBLE_EDGE, BUBBLEBEAM, WATER_GUN, ICE_BEAM, BLIZZARD, HYPER_BEAM, PAY_DAY, SUBMISSION, COUNTER, SEISMIC_TOSS, RAGE, THUNDERBOLT, THUNDER, EARTHQUAKE, FISSURE, MIMIC, DOUBLE_TEAM, REFLECT, BIDE, FIRE_BLAST, SKULL_BASH, REST, ROCK_SLIDE, SUBSTITUTE, SURF, STRENGTH",None,"L8:HORN_ATTACK, L14:POISON_STING, L23:THRASH"
nidoqueen,NIDOQUEEN,55,50,45,120,135,85,POISON,GROUND,45,194,"TACKLE, SCRATCH, TAIL_WHIP, BODY_SLAM",MEDIUM_SLOW,"MEGA_PUNCH, MEGA_KICK, TOXIC, HORN_DRILL, BODY_SLAM, TAKE_DOWN, DOUBLE_EDGE, BUBBLEBEAM, WATER_GUN, ICE_BEAM, BLIZZARD, HYPER_BEAM, PAY_DAY, SUBMISSION, COUNTER, SEISMIC_TOSS, RAGE, THUNDERBOLT, THUNDER, EARTHQUAKE, FISSURE, MIMIC, DOUBLE_TEAM, REFLECT, BIDE, FIRE_BLAST, SKULL_BASH, REST, ROCK_SLIDE, SUBSTITUTE, SURF, STRENGTH",None,"L8:SCRATCH, L14:POISON_STING, L23:BODY_SLAM"
nidoranf,NIDORAN_F,55,50,45,120,135,85,POISON,POISON,235,59,"GROWL, TACKLE, NO_MOVE, NO_MOVE",MEDIUM_SLOW,"TOXIC, BODY_SLAM, TAKE_DOWN, DOUBLE_EDGE, BLIZZARD, RAGE, THUNDERBOLT, THUNDER, MIMIC, DOUBLE_TEAM, REFLECT, BIDE, SKULL_BASH, REST, SUBSTITUTE",EVOLVE_LEVEL 16 NIDORINA,"L8:SCRATCH, L14:POISON_STING, L21:TAIL_WHIP, L29:BITE, L36:FURY_SWIPES, L43:DOUBLE_KICK"
nidoranm,NIDORAN_M,55,50,45,120,135,85,POISON,POISON,235,60,"LEER, TACKLE, NO_MOVE, NO_MOVE",MEDIUM_SLOW,"TOXIC, HORN_DRILL, BODY_SLAM, TAKE_DOWN, DOUBLE_EDGE, BLIZZARD, RAGE, THUNDERBOLT, THUNDER, MIMIC, DOUBLE_TEAM, REFLECT, BIDE, SKULL_BASH, REST, SUBSTITUTE",EVOLVE_LEVEL 16 NIDORINO,"L8:HORN_ATTACK, L14:POISON_STING, L21:FOCUS_ENERGY, L29:FURY_ATTACK, L36:HORN_DRILL, L43:DOUBLE_KICK"
nidorina,NIDORINA,55,50,45,120,135,85,POISON,POISON,120,117,"GROWL, TACKLE, SCRATCH, NO_MOVE",MEDIUM_SLOW,"TOXIC, HORN_DRILL, BODY_SLAM, TAKE_DOWN, DOUBLE_EDGE, BUBBLEBEAM, WATER_GUN, ICE_BEAM, BLIZZARD, RAGE, THUNDERBOLT, THUNDER, MIMIC, DOUBLE_TEAM, REFLECT, BIDE, SKULL_BASH, REST, SUBSTITUTE",EVOLVE_ITEM MOON_STONE 1 NIDOQUEEN,"L8:SCRATCH, L14:POISON_STING, L23:TAIL_WHIP, L32:BITE, L41:FURY_SWIPES, L50:DOUBLE_KICK"
nidorino,NIDORINO,55,50,45,120,135,85,POISON,POISON,120,118,"LEER, TACKLE, HORN_ATTACK, NO_MOVE",MEDIUM_SLOW,"TOXIC, HORN_DRILL, BODY_SLAM, TAKE_DOWN, DOUBLE_EDGE, BUBBLEBEAM, WATER_GUN, ICE_BEAM, BLIZZARD, RAGE, THUNDERBOLT, THUNDER, MIMIC, DOUBLE_TEAM, REFLECT, BIDE, SKULL_BASH, REST, SUBSTITUTE",EVOLVE_ITEM MOON_STONE 1 NIDOKING,"L8:HORN_ATTACK, L14:POISON_STING, L23:FOCUS_ENERGY, L32:FURY_ATTACK, L41:HORN_DRILL, L50:DOUBLE_KICK"
ninetales,NINETALES,55,50,45,120,135,85,FIRE,FIRE,75,178,"EMBER, TAIL_WHIP, QUICK_ATTACK, ROAR",MEDIUM_FAST,"TOXIC, BODY_SLAM, TAKE_DOWN, DOUBLE_EDGE, HYPER_BEAM, RAGE, DIG, MIMIC, DOUBLE_TEAM, REFLECT, BIDE, FIRE_BLAST, SWIFT, SKULL_BASH, REST, SUBSTITUTE",None,
ninetalesa,NINETALESA,55,50,45,120,135,85,FIGHTING,FIGHTING,45,140,"COMET_PUNCH, AGILITY, NO_MOVE, NO_MOVE",MEDIUM_FAST,"MEGA_PUNCH, MEGA_KICK, TOXIC, BODY_SLAM, TAKE_DOWN, DOUBLE_EDGE, SUBMISSION, COUNTER, SEISMIC_TOSS, RAGE, MIMIC, DOUBLE_TEAM, BIDE, METRONOME, SWIFT, SKULL_BASH, REST, SUBSTITUTE, STRENGTH",None,
oddish,ODDISH,55,50,45,120,135,85,GRASS,POISON,255,78,"ABSORB, NO_MOVE, NO_MOVE, NO_MOVE",MEDIUM_SLOW,"SWORDS_DANCE, TOXIC, TAKE_DOWN, DOUBLE_EDGE, RAGE, MEGA_DRAIN, SOLARBEAM, MIMIC, DOUBLE_TEAM, REFLECT, BIDE, REST, SUBSTITUTE, CUT",EVOLVE_LEVEL 21 GLOOM,"L15:POISONPOWDER, L17:STUN_SPORE, L19:SLEEP_POWDER, L24:ACID, L33:PETAL_DANCE, L46:SOLARBEAM"
omanyte,OMANYTE,55,50,45,120,135,85,ROCK,WATER,45,120,"WATER_GUN, WITHDRAW, NO_MOVE, NO_MOVE",MEDIUM_FAST,"TOXIC, BODY_SLAM, TAKE_DOWN, DOUBLE_EDGE, BUBBLEBEAM, WATER_GUN, ICE_BEAM, BLIZZARD, RAGE, MIMIC, DOUBLE_TEAM, REFLECT, BIDE, REST, SUBSTITUTE, SURF",EVOLVE_LEVEL 40 OMASTAR,"L34:HORN_ATTACK, L39:LEER, L46:SPIKE_CANNON, L53:HYDRO_PUMP"
omastar,OMASTAR,55,50,45,120,135,85,ROCK,WATER,45,199,"WATER_GUN, WITHDRAW, HORN_ATTACK, NO_MOVE",MEDIUM_FAST,"TOXIC, HORN_DRILL, BODY_SLAM, TAKE_DOWN, DOUBLE_EDGE, BUBBLEBEAM, WATER_GUN, ICE_BEAM, BLIZZARD, HYPER_BEAM, SUBMISSION, SEISMIC_TOSS, RAGE, MIMIC, DOUBLE_TEAM, REFLECT, BIDE, SKULL_BASH, REST, SUBSTITUTE, SURF",None,"L34:HORN_ATTACK, L39:LEER, L44:SPIKE_CANNON, L49:HYDRO_PUMP"
onix,ONIX,55,50,45,120,135,85,ROCK,GROUND,45,108,"TACKLE, SCREECH, NO_MOVE, NO_MOVE",MEDIUM_FAST,"TOXIC, BODY_SLAM, TAKE_DOWN, DOUBLE_EDGE, RAGE, EARTHQUAKE, FISSURE, DIG, MIMIC, DOUBLE_TEAM, BIDE, SELFDESTRUCT, SKULL_BASH, REST, EXPLOSION, ROCK_SLIDE, SUBSTITUTE, STRENGTH",None,"L15:BIND, L19:ROCK_THROW, L25:RAGE, L33:SLAM, L43:HARDEN"
paras,PARAS,55,50,45,120,135,85,BUG,GRASS,190,70,"SCRATCH, NO_MOVE, NO_MOVE, NO_MOVE",MEDIUM_FAST,"SWORDS_DANCE, TOXIC, BODY_SLAM, TAKE_DOWN, DOUBLE_EDGE, RAGE, MEGA_DRAIN, SOLARBEAM, DIG, MIMIC, DOUBLE_TEAM, REFLECT, BIDE, SKULL_BASH, REST, SUBSTITUTE, CUT",EVOLVE_LEVEL 24 PARASECT,"L13:STUN_SPORE, L20:LEECH_LIFE, L27:SPORE, L34:SLASH, L41:GROWTH"
parasect,PARASECT,55,50,45,120,135,85,BUG,GRASS,75,128,"SCRATCH, STUN_SPORE, LEECH_LIFE, NO_MOVE",MEDIUM_FAST,"SWORDS_DANCE, TOXIC, BODY_SLAM, TAKE_DOWN, DOUBLE_EDGE, HYPER_BEAM, RAGE, MEGA_DRAIN, SOLARBEAM, DIG, MIMIC, DOUBLE_TEAM, REFLECT, BIDE, SKULL_BASH, REST, SUBSTITUTE, CUT",None,"L13:STUN_SPORE, L20:LEECH_LIFE, L30:SPORE, L39:SLASH, L48:GROWTH"
perrserker,PERRSERKER,55,50,45,120,135,85,WATER,WATER,225,111,"PECK, TAIL_WHIP, NO_MOVE, NO_MOVE",MEDIUM_FAST,"TOXIC, HORN_DRILL, TAKE_DOWN, DOUBLE_EDGE, BUBBLEBEAM, WATER_GUN, ICE_BEAM, BLIZZARD, RAGE, MIMIC, DOUBLE_TEAM, BIDE, SWIFT, SKULL_BASH, REST, SUBSTITUTE, SURF",None,
persian,PERSIAN,55,50,45,120,135,85,NORMAL,NORMAL,90,148,"SCRATCH, GROWL, BITE, SCREECH",MEDIUM_FAST,"TOXIC, BODY_SLAM, TAKE_DOWN, DOUBLE_EDGE, BUBBLEBEAM, WATER_GUN, HYPER_BEAM, PAY_DAY, RAGE, THUNDERBOLT, THUNDER, MIMIC, DOUBLE_TEAM, BIDE, SWIFT, SKULL_BASH, REST, SUBSTITUTE",None,"L12:BITE, L17:PAY_DAY, L24:SCREECH, L37:FURY_SWIPES, L51:SLASH"
persiana,PERSIANA,55,50,45,120,135,85,WATER,WATER,75,174,"SCRATCH, TAIL_WHIP, DISABLE, NO_MOVE",MEDIUM_FAST,"MEGA_PUNCH, MEGA_KICK, TOXIC, BODY_SLAM, TAKE_DOWN, DOUBLE_EDGE, BUBBLEBEAM, WATER_GUN, ICE_BEAM, BLIZZARD, HYPER_BEAM, PAY_DAY, SUBMISSION, COUNTER, SEISMIC_TOSS, RAGE, DIG, MIMIC, DOUBLE_TEAM, BIDE, SWIFT, SKULL_BASH, REST, SUBSTITUTE, SURF, STRENGTH",None,
pidgeot,PIDGEOT,55,50,45,120,135,85,NORMAL,FLYING,45,172,"GUST, SAND_ATTACK, QUICK_ATTACK, NO_MOVE",MEDIUM_SLOW,"RAZOR_WIND, WHIRLWIND, TOXIC, TAKE_DOWN, DOUBLE_EDGE, HYPER_BEAM, RAGE, MIMIC, DOUBLE_TEAM, REFLECT, BIDE, SWIFT, SKY_ATTACK, REST, SUBSTITUTE, FLY",None,"L5:SAND_ATTACK, L12:QUICK_ATTACK, L21:WHIRLWIND, L31:WING_ATTACK, L44:AGILITY, L54:MIRROR_MOVE"
pidgeotto,PIDGEOTTO,55,50,45,120,135,85,NORMAL,FLYING,120,113,"GUST, SAND_ATTACK, NO_MOVE, NO_MOVE",MEDIUM_SLOW,"RAZOR_WIND, WHIRLWIND, TOXIC, TAKE_DOWN, DOUBLE_EDGE, RAGE, MIMIC, DOUBLE_TEAM, REFLECT, BIDE, SWIFT, SKY_ATTACK, REST, SUBSTITUTE, FLY",EVOLVE_LEVEL 36 PIDGEOT,"L5:SAND_ATTACK, L12:QUICK_ATTACK, L21:WHIRLWIND, L31:WING_ATTACK, L40:AGILITY, L49:MIRROR_MOVE"
pidgey,PIDGEY,55,50,45,120,135,85,NORMAL,FLYING,255,55,"GUST, NO_MOVE, NO_MOVE, NO_MOVE",MEDIUM_SLOW,"RAZOR_WIND, WHIRLWIND, TOXIC, TAKE_DOWN, DOUBLE_EDGE, RAGE, MIMIC, DOUBLE_TEAM, REFLECT, BIDE, SWIFT, SKY_ATTACK, REST, SUBSTITUTE, FLY",EVOLVE_LEVEL 18 PIDGEOTTO,"L5:SAND_ATTACK, L12:QUICK_ATTACK, L19:WHIRLWIND, L28:WING_ATTACK, L36:AGILITY, L44:MIRROR_MOVE"
pikachu,PIKACHU,55,50,45,120,135,85,ELECTRIC,ELECTRIC,190,82,"THUNDERSHOCK, GROWL, NO_MOVE, NO_MOVE",MEDIUM_FAST,"MEGA_PUNCH, MEGA_KICK, TOXIC, BODY_SLAM, TAKE_DOWN, DOUBLE_EDGE, PAY_DAY, SUBMISSION, SEISMIC_TOSS, RAGE, THUNDERBOLT, THUNDER, MIMIC, DOUBLE_TEAM, REFLECT, BIDE, SWIFT, SKULL_BASH, REST, THUNDER_WAVE, SUBSTITUTE, FLASH",EVOLVE_ITEM THUNDER_STONE 1 RAICHU,"L9:THUNDER_WAVE, L16:QUICK_ATTACK, L26:SWIFT, L33:AGILITY, L43:THUNDER"
pinsir,PINSIR,55,50,45,120,135,85,BUG,BUG,45,200,"VICEGRIP, NO_MOVE, NO_MOVE, NO_MOVE",SLOW,"SWORDS_DANCE, TOXIC, BODY_SLAM, TAKE_DOWN, DOUBLE_EDGE, HYPER_BEAM, SUBMISSION, SEISMIC_TOSS, RAGE, MIMIC, DOUBLE_TEAM, BIDE, REST, SUBSTITUTE, CUT, STRENGTH",None,"L25:SEISMIC_TOSS, L30:GUILLOTINE, L36:FOCUS_ENERGY, L43:HARDEN, L49:SLASH, L54:SWORDS_DANCE"
politoed,POLITOED,25,20,15,90,105,55,PSYCHIC,PSYCHIC,200,73,"TELEPORT, NO_MOVE, NO_MOVE, NO_MOVE",MEDIUM_SLOW,"MEGA_PUNCH, MEGA_KICK, TOXIC, BODY_SLAM, TAKE_DOWN, DOUBLE_EDGE, SUBMISSION, COUNTER, SEISMIC_TOSS, RAGE, PSYCHIC_M, TELEPORT, MIMIC, DOUBLE_TEAM, REFLECT, BIDE, METRONOME, SKULL_BASH, REST, THUNDER_WAVE, PSYWAVE, TRI_ATTACK, SUBSTITUTE, FLASH",None,
poliwag,POLIWAG,55,50,45,120,135,85,WATER,WATER,255,77,"BUBBLE, NO_MOVE, NO_MOVE, NO_MOVE",MEDIUM_SLOW,"TOXIC, BODY_SLAM, TAKE_DOWN, DOUBLE_EDGE, BUBBLEBEAM, WATER_GUN, ICE_BEAM, BLIZZARD, RAGE, PSYCHIC_M, MIMIC, DOUBLE_TEAM, BIDE, SKULL_BASH, REST, PSYWAVE, SUBSTITUTE, SURF",EVOLVE_LEVEL 25 POLIWHIRL,"L16:HYPNOSIS, L19:WATER_GUN, L25:DOUBLESLAP, L31:BODY_SLAM, L38:AMNESIA, L45:HYDRO_PUMP"
poliwhirl,POLIWHIRL,55,50,45,120,135,85,WATER,WATER,120,131,"BUBBLE, HYPNOSIS, WATER_GUN, NO_MOVE",MEDIUM_SLOW,"MEGA_PUNCH, MEGA_KICK, TOXIC, BODY_SLAM, TAKE_DOWN, DOUBLE_EDGE, BUBBLEBEAM, WATER_GUN, ICE_BEAM, BLIZZARD, SUBMISSION, COUNTER, SEISMIC_TOSS, RAGE, EARTHQUAKE, FISSURE, PSYCHIC_M, MIMIC, DOUBLE_TEAM, BIDE, METRONOME, SKULL_BASH, REST, PSYWAVE, SUBSTITUTE, SURF, STRENGTH",EVOLVE_ITEM WATER_STONE 1 POLIWRATH,"L16:HYPNOSIS, L19:WATER_GUN, L26:DOUBLESLAP, L33:BODY_SLAM, L41:AMNESIA, L49:HYDRO_PUMP"
poliwrath,POLIWRATH,55,50,45,120,135,85,WATER,FIGHTING,45,185,"HYPNOSIS, WATER_GUN, DOUBLESLAP, BODY_SLAM",MEDIUM_SLOW,"MEGA_PUNCH, MEGA_KICK, TOXIC, BODY_SLAM, TAKE_DOWN, DOUBLE_EDGE, BUBBLEBEAM, WATER_GUN, ICE_BEAM, BLIZZARD, HYPER_BEAM, SUBMISSION, COUNTER, SEISMIC_TOSS, RAGE, EARTHQUAKE, FISSURE, PSYCHIC_M, MIMIC, DOUBLE_TEAM, BIDE, METRONOME, SKULL_BASH, REST, PSYWAVE, SUBSTITUTE, SURF, STRENGTH",None,"L16:HYPNOSIS, L19:WATER_GUN"
ponyta,PONYTA,55,50,45,120,135,85,FIRE,FIRE,190,152,"EMBER, NO_MOVE, NO_MOVE, NO_MOVE",MEDIUM_FAST,"TOXIC, HORN_DRILL, BODY_SLAM, TAKE_DOWN, DOUBLE_EDGE, RAGE, MIMIC, DOUBLE_TEAM, REFLECT, BIDE, FIRE_BLAST, SWIFT, SKULL_BASH, REST, SUBSTITUTE",EVOLVE_LEVEL 40 RAPIDASH,"L30:TAIL_WHIP, L32:STOMP, L35:GROWL, L39:FIRE_SPIN, L43:TAKE_DOWN, L48:AGILITY"
ponytag,PONYTAG,55,50,45,120,135,85,POISON,POISON,190,90,"POUND, DISABLE, NO_MOVE, NO_MOVE",MEDIUM_FAST,"TOXIC, BODY_SLAM, RAGE, MEGA_DRAIN, THUNDERBOLT, THUNDER, MIMIC, DOUBLE_TEAM, BIDE, SELFDESTRUCT, FIRE_BLAST, REST, EXPLOSION, SUBSTITUTE",None,
porygon,PORYGON,55,50,45,120,135,85,NORMAL,NORMAL,45,130,"TACKLE, SHARPEN, CONVERSION, NO_MOVE",MEDIUM_FAST,"TOXIC, TAKE_DOWN, DOUBLE_EDGE, ICE_BEAM, BLIZZARD, HYPER_BEAM, RAGE, THUNDERBOLT, THUNDER, PSYCHIC_M, TELEPORT, MIMIC, DOUBLE_TEAM, REFLECT, BIDE, SWIFT, SKULL_BASH, REST, THUNDER_WAVE, PSYWAVE, TRI_ATTACK, SUBSTITUTE, FLASH",None,"L23:PSYBEAM, L28:RECOVER, L35:AGILITY, L42:TRI_ATTACK"
porygon2,PORYGON2,55,50,45,120,135,85,NORMAL,NORMAL,30,255,"POUND, DOUBLESLAP, NO_MOVE, NO_MOVE",FAST,"MEGA_PUNCH, MEGA_KICK, TOXIC, BODY_SLAM, TAKE_DOWN, DOUBLE_EDGE, BUBBLEBEAM, WATER_GUN, ICE_BEAM, BLIZZARD, HYPER_BEAM, SUBMISSION, COUNTER, SEISMIC_TOSS, RAGE, SOLARBEAM, THUNDERBOLT, THUNDER, PSYCHIC_M, TELEPORT, MIMIC, DOUBLE_TEAM, REFLECT, BIDE, METRONOME, EGG_BOMB, FIRE_BLAST, SKULL_BASH, SOFTBOILED, REST, THUNDER_WAVE, PSYWAVE, TRI_ATTACK, SUBSTITUTE, STRENGTH, FLASH",None,
porygonz,PORYGONZ,55,50,45,120,135,85,NORMAL,NORMAL,25,129,"SING, DOUBLESLAP, MINIMIZE, METRONOME",FAST,"MEGA_PUNCH, MEGA_KICK, TOXIC, BODY_SLAM, TAKE_DOWN, DOUBLE_EDGE, BUBBLEBEAM, WATER_GUN, ICE_BEAM, BLIZZARD, HYPER_BEAM, SUBMISSION, COUNTER, SEISMIC_TOSS, RAGE, SOLARBEAM, THUNDERBOLT, THUNDER, PSYCHIC_M, TELEPORT, MIMIC, DOUBLE_TEAM, REFLECT, BIDE, METRONOME, FIRE_BLAST, SKULL_BASH, REST, THUNDER_WAVE, PSYWAVE, TRI_ATTACK, SUBSTITUTE, STRENGTH, FLASH",None,
primeape,PRIMEAPE,55,50,45,120,135,85,FIGHTING,FIGHTING,75,149,"SCRATCH, LEER, KARATE_CHOP, FURY_SWIPES",MEDIUM_FAST,"MEGA_PUNCH, MEGA_KICK, TOXIC, BODY_SLAM, TAKE_DOWN, DOUBLE_EDGE, HYPER_BEAM, PAY_DAY, SUBMISSION, COUNTER, SEISMIC_TOSS, RAGE, THUNDERBOLT, THUNDER, DIG, MIMIC, DOUBLE_TEAM, BIDE, METRONOME, SWIFT, SKULL_BASH, REST, ROCK_SLIDE, SUBSTITUTE, STRENGTH",None,"L15:KARATE_CHOP, L21:FURY_SWIPES, L27:FOCUS_ENERGY, L37:SEISMIC_TOSS, L46:THRASH"
psyduck,PSYDUCK,55,50,45,120,135,85,WATER,WATER,190,80,"SCRATCH, NO_MOVE, NO_MOVE, NO_MOVE",MEDIUM_FAST,"MEGA_PUNCH, MEGA_KICK, TOXIC, BODY_SLAM, TAKE_DOWN, DOUBLE_EDGE, BUBBLEBEAM, WATER_GUN, ICE_BEAM, BLIZZARD, PAY_DAY, SUBMISSION, COUNTER, SEISMIC_TOSS, RAGE, DIG, MIMIC, DOUBLE_TEAM, BIDE, SWIFT, SKULL_BASH, REST, SUBSTITUTE, SURF, STRENGTH",EVOLVE_LEVEL 33 GOLDUCK,"L28:TAIL_WHIP, L31:DISABLE, L36:CONFUSION, L43:FURY_SWIPES, L52:HYDRO_PUMP"
raichu,RAICHU,55,50,45,120,135,85,ELECTRIC,ELECTRIC,75,122,"THUNDERSHOCK, GROWL, THUNDER_WAVE, NO_MOVE",MEDIUM_FAST,"MEGA_PUNCH, MEGA_KICK, TOXIC, BODY_SLAM, TAKE_DOWN, DOUBLE_EDGE, HYPER_BEAM, PAY_DAY, SUBMISSION, SEISMIC_TOSS, RAGE, THUNDERBOLT, THUNDER, MIMIC, DOUBLE_TEAM, REFLECT, BIDE, SWIFT, SKULL_BASH, REST, THUNDER_WAVE, SUBSTITUTE, FLASH",None,
raichua,RAICHUA,55,50,45,120,135,85,FIRE,FIRE,190,91,"BITE, ROAR, NO_MOVE, NO_MOVE",SLOW,"TOXIC, BODY_SLAM, TAKE_DOWN, DOUBLE_EDGE, RAGE, DRAGON_RAGE, DIG, MIMIC, DOUBLE_TEAM, REFLECT, BIDE, FIRE_BLAST, SWIFT, SKULL_BASH, REST, SUBSTITUTE",None,
rapidash,RAPIDASH,55,50,45,120,135,85,FIRE,FIRE,60,192,"EMBER, TAIL_WHIP, STOMP, GROWL",MEDIUM_FAST,"TOXIC, HORN_DRILL, BODY_SLAM, TAKE_DOWN, DOUBLE_EDGE, HYPER_BEAM, RAGE, MIMIC, DOUBLE_TEAM, REFLECT, BIDE, FIRE_BLAST, SWIFT, SKULL_BASH, REST, SUBSTITUTE",None,"L30:TAIL_WHIP, L32:STOMP, L35:GROWL, L39:FIRE_SPIN, L47:TAKE_DOWN, L55:AGILITY"
rapidashg,RAPIDASHG,55,50,45,120,135,85,POISON,POISON,190,90,"POUND, DISABLE, NO_MOVE, NO_MOVE",MEDIUM_FAST,"TOXIC, BODY_SLAM, RAGE, MEGA_DRAIN, THUNDERBOLT, THUNDER, MIMIC, DOUBLE_TEAM, BIDE, SELFDESTRUCT, FIRE_BLAST, REST, EXPLOSION, SUBSTITUTE",None,
raticate,RATICATE,55,50,45,120,135,85,NORMAL,NORMAL,90,116,"TACKLE, TAIL_WHIP, QUICK_ATTACK, NO_MOVE",MEDIUM_FAST,"TOXIC, BODY_SLAM, TAKE_DOWN, DOUBLE_EDGE, BUBBLEBEAM, WATER_GUN, ICE_BEAM, BLIZZARD, HYPER_BEAM, RAGE, THUNDERBOLT, THUNDER, DIG, MIMIC, DOUBLE_TEAM, BIDE, SWIFT, SKULL_BASH, REST, SUBSTITUTE",None,"L7:QUICK_ATTACK, L14:HYPER_FANG, L27:FOCUS_ENERGY, L41:SUPER_FANG"
raticatea,RATICATEA,55,50,45,120,135,85,GHOST,POISON,90,126,"LICK, CONFUSE_RAY, NIGHT_SHADE, NO_MOVE",MEDIUM_SLOW,"TOXIC, RAGE, MEGA_DRAIN, THUNDERBOLT, THUNDER, PSYCHIC_M, MIMIC, DOUBLE_TEAM, BIDE, SELFDESTRUCT, DREAM_EATER, REST, PSYWAVE, EXPLOSION, SUBSTITUTE",None,
rattata,RATTATA,55,50,45,120,135,85,NORMAL,NORMAL,255,57,"TACKLE, TAIL_WHIP, NO_MOVE, NO_MOVE",MEDIUM_FAST,"TOXIC, BODY_SLAM, TAKE_DOWN, DOUBLE_EDGE, BUBBLEBEAM, WATER_GUN, BLIZZARD, RAGE, THUNDERBOLT, THUNDER, DIG, MIMIC, DOUBLE_TEAM, BIDE, SWIFT, SKULL_BASH, REST, SUBSTITUTE",EVOLVE_LEVEL 20 RATICATE,"L7:QUICK_ATTACK, L14:HYPER_FANG, L23:FOCUS_ENERGY, L34:SUPER_FANG"
rattataa,RATTATAA,55,50,45,120,135,85,WATER,FLYING,45,214,"BITE, DRAGON_RAGE, LEER, HYDRO_PUMP",SLOW,"TOXIC, BODY_SLAM, TAKE_DOWN, DOUBLE_EDGE, BUBBLEBEAM, WATER_GUN, ICE_BEAM, BLIZZARD, HYPER_BEAM, RAGE, DRAGON_RAGE, THUNDERBOLT, THUNDER, MIMIC, DOUBLE_TEAM, REFLECT, BIDE, FIRE_BLAST, SKULL_BASH, REST, SUBSTITUTE, SURF, STRENGTH",None,
rhydon,RHYDON,55,50,45,120,135,85,GROUND,ROCK,60,204,"HORN_ATTACK, STOMP, TAIL_WHIP, FURY_ATTACK",SLOW,"MEGA_PUNCH, MEGA_KICK, TOXIC, HORN_DRILL, BODY_SLAM, TAKE_DOWN, DOUBLE_EDGE, BUBBLEBEAM, WATER_GUN, ICE_BEAM, BLIZZARD, HYPER_BEAM, PAY_DAY, SUBMISSION, COUNTER, SEISMIC_TOSS, RAGE, THUNDERBOLT, THUNDER, EARTHQUAKE, FISSURE, DIG, MIMIC, DOUBLE_TEAM, BIDE, FIRE_BLAST, SKULL_BASH, REST, ROCK_SLIDE, SUBSTITUTE, SURF, STRENGTH",None,"L30:STOMP, L35:TAIL_WHIP, L40:FURY_ATTACK, L48:HORN_DRILL, L55:LEER, L64:TAKE_DOWN"
rhyhorn,RHYHORN,55,50,45,120,135,85,GROUND,ROCK,120,135,"HORN_ATTACK, NO_MOVE, NO_MOVE, NO_MOVE",SLOW,"TOXIC, HORN_DRILL, BODY_SLAM, TAKE_DOWN, DOUBLE_EDGE, RAGE, THUNDERBOLT, THUNDER, EARTHQUAKE, FISSURE, DIG, MIMIC, DOUBLE_TEAM, BIDE, FIRE_BLAST, SKULL_BASH, REST, ROCK_SLIDE, SUBSTITUTE, STRENGTH",EVOLVE_LEVEL 42 RHYDON,"L30:STOMP, L35:TAIL_WHIP, L40:FURY_ATTACK, L45:HORN_DRILL, L50:LEER, L55:TAKE_DOWN"
rhyperior,RHYPERIOR,55,50,45,120,135,85,POISON,FLYING,90,241,"LEECH_LIFE, SCREECH, BITE, SCREECH",MEDIUM_FAST,"RAZOR_WIND, WHIRLWIND, TOXIC, TAKE_DOWN, DOUBLE_EDGE, HYPER_BEAM, RAGE, MEGA_DRAIN, MIMIC, DOUBLE_TEAM, BIDE, SWIFT, REST, SUBSTITUTE, FLY",None,
sandshrew,SANDSHREW,55,50,45,120,135,85,GROUND,GROUND,255,93,"SCRATCH, NO_MOVE, NO_MOVE, NO_MOVE",MEDIUM_FAST,"SWORDS_DANCE, TOXIC, BODY_SLAM, TAKE_DOWN, DOUBLE_EDGE, SUBMISSION, SEISMIC_TOSS, RAGE, EARTHQUAKE, FISSURE, DIG, MIMIC, DOUBLE_TEAM, BIDE, SWIFT, SKULL_BASH, REST, ROCK_SLIDE, SUBSTITUTE, CUT, STRENGTH",EVOLVE_LEVEL 22 SANDSLASH,"L10:SAND_ATTACK, L17:SLASH, L24:POISON_STING, L31:SWIFT, L38:FURY_SWIPES"
sandshrewa,SANDSHREWA,55,50,45,120,135,85,POISON,POISON,190,90,"POUND, DISABLE, NO_MOVE, NO_MOVE",MEDIUM_FAST,"TOXIC, BODY_SLAM, RAGE, MEGA_DRAIN, THUNDERBOLT, THUNDER, MIMIC, DOUBLE_TEAM, BIDE, SELFDESTRUCT, FIRE_BLAST, REST, EXPLOSION, SUBSTITUTE",None,
sandslash,SANDSLASH,55,50,45,120,135,85,GROUND,GROUND,90,163,"SCRATCH, SAND_ATTACK, NO_MOVE, NO_MOVE",MEDIUM_FAST,"SWORDS_DANCE, TOXIC, BODY_SLAM, TAKE_DOWN, DOUBLE_EDGE, HYPER_BEAM, SUBMISSION, SEISMIC_TOSS, RAGE, EARTHQUAKE, FISSURE, DIG, MIMIC, DOUBLE_TEAM, BIDE, SWIFT, SKULL_BASH, REST, ROCK_SLIDE, SUBSTITUTE, CUT, STRENGTH",None,"L10:SAND_ATTACK, L17:SLASH, L27:POISON_STING, L36:SWIFT, L47:FURY_SWIPES"
sandslasha,SANDSLASHA,55,50,45,120,135,85,FIRE,FIRE,190,91,"BITE, ROAR, NO_MOVE, NO_MOVE",SLOW,"TOXIC, BODY_SLAM, TAKE_DOWN, DOUBLE_EDGE, RAGE, DRAGON_RAGE, DIG, MIMIC, DOUBLE_TEAM, REFLECT, BIDE, FIRE_BLAST, SWIFT, SKULL_BASH, REST, SUBSTITUTE",None,
scizor,SCIZOR,55,50,45,120,135,85,WATER,ICE,75,176,"HEADBUTT, GROWL, AURORA_BEAM, NO_MOVE",MEDIUM_FAST,"TOXIC, HORN_DRILL, BODY_SLAM, TAKE_DOWN, DOUBLE_EDGE, BUBBLEBEAM, WATER_GUN, ICE_BEAM, BLIZZARD, HYPER_BEAM, PAY_DAY, RAGE, MIMIC, DOUBLE_TEAM, BIDE, SKULL_BASH, REST, SUBSTITUTE, SURF, STRENGTH",None,
scyther,SCYTHER,55,50,45,120,135,85,BUG,FLYING,45,187,"QUICK_ATTACK, NO_MOVE, NO_MOVE, NO_MOVE",MEDIUM_FAST,"SWORDS_DANCE, TOXIC, TAKE_DOWN, DOUBLE_EDGE, HYPER_BEAM, RAGE, MIMIC, DOUBLE_TEAM, BIDE, SWIFT, SKULL_BASH, REST, SUBSTITUTE, CUT",None,"L17:LEER, L20:FOCUS_ENERGY, L24:DOUBLE_TEAM, L29:SLASH, L35:SWORDS_DANCE, L42:AGILITY"
seadra,SEADRA,55,50,45,120,135,85,WATER,WATER,75,155,"BUBBLE, SMOKESCREEN, NO_MOVE, NO_MOVE",MEDIUM_FAST,"TOXIC, TAKE_DOWN, DOUBLE_EDGE, BUBBLEBEAM, WATER_GUN, ICE_BEAM, BLIZZARD, HYPER_BEAM, RAGE, MIMIC, DOUBLE_TEAM, BIDE, SWIFT, SKULL_BASH, REST, SUBSTITUTE, SURF",None,"L19:SMOKESCREEN, L24:LEER, L30:WATER_GUN, L41:AGILITY, L52:HYDRO_PUMP"
seaking,SEAKING,55,50,45,120,135,85,WATER,WATER,60,170,"PECK, TAIL_WHIP, SUPERSONIC, NO_MOVE",MEDIUM_FAST,"TOXIC, HORN_DRILL, TAKE_DOWN, DOUBLE_EDGE, BUBBLEBEAM, WATER_GUN, ICE_BEAM, BLIZZARD, HYPER_BEAM, RAGE, MIMIC, DOUBLE_TEAM, BIDE, SWIFT, SKULL_BASH, REST, SUBSTITUTE, SURF",None,"L19:SUPERSONIC, L24:HORN_ATTACK, L30:FURY_ATTACK, L39:WATERFALL, L48:HORN_DRILL, L54:AGILITY"
seel,SEEL,55,50,45,120,135,85,WATER,WATER,190,100,"HEADBUTT, NO_MOVE, NO_MOVE, NO_MOVE",MEDIUM_FAST,"TOXIC, HORN_DRILL, BODY_SLAM, TAKE_DOWN, DOUBLE_EDGE, BUBBLEBEAM, WATER_GUN, ICE_BEAM, BLIZZARD, PAY_DAY, RAGE, MIMIC, DOUBLE_TEAM, BIDE, SKULL_BASH, REST, SUBSTITUTE, SURF, STRENGTH",EVOLVE_LEVEL 34 DEWGONG,"L30:GROWL, L35:AURORA_BEAM, L40:REST, L45:TAKE_DOWN, L50:ICE_BEAM"
shellder,SHELLDER,55,50,45,120,135,85,WATER,WATER,190,97,"TACKLE, WITHDRAW, NO_MOVE, NO_MOVE",SLOW,"TOXIC, TAKE_DOWN, DOUBLE_EDGE, BUBBLEBEAM, WATER_GUN, ICE_BEAM, BLIZZARD, RAGE, TELEPORT, MIMIC, DOUBLE_TEAM, REFLECT, BIDE, SELFDESTRUCT, SWIFT, REST, EXPLOSION, TRI_ATTACK, SUBSTITUTE, SURF",EVOLVE_ITEM WATER_STONE 1 CLOYSTER,"L18:SUPERSONIC, L23:CLAMP, L30:AURORA_BEAM, L39:LEER, L50:ICE_BEAM"
sirfetchd,SIRFETCHD,55,50,45,120,135,85,FIRE,FIRE,190,152,"EMBER, NO_MOVE, NO_MOVE, NO_MOVE",MEDIUM_FAST,"TOXIC, HORN_DRILL, BODY_SLAM, TAKE_DOWN, DOUBLE_EDGE, RAGE, MIMIC, DOUBLE_TEAM, REFLECT, BIDE, FIRE_BLAST, SWIFT, SKULL_BASH, REST, SUBSTITUTE",None,
slowbro,SLOWBRO,55,50,45,120,135,85,WATER,PSYCHIC,75,164,"CONFUSION, DISABLE, HEADBUTT, NO_MOVE",MEDIUM_FAST,"MEGA_PUNCH, MEGA_KICK, TOXIC, BODY_SLAM, TAKE_DOWN, DOUBLE_EDGE, BUBBLEBEAM, WATER_GUN, ICE_BEAM, BLIZZARD, HYPER_BEAM, PAY_DAY, SUBMISSION, COUNTER, SEISMIC_TOSS, RAGE, EARTHQUAKE, FISSURE, DIG, PSYCHIC_M, TELEPORT, MIMIC, DOUBLE_TEAM, REFLECT, BIDE, FIRE_BLAST, SWIFT, SKULL_BASH, REST, THUNDER_WAVE, PSYWAVE, TRI_ATTACK, SUBSTITUTE, SURF, STRENGTH, FLASH",None,"L18:DISABLE, L22:HEADBUTT, L27:GROWL, L33:WATER_GUN, L37:WITHDRAW, L44:AMNESIA, L55:PSYCHIC_M"
slowbrog,SLOWBROG,55,50,45,120,135,85,FIGHTING,FIGHTING,75,149,"SCRATCH, LEER, KARATE_CHOP, FURY_SWIPES",MEDIUM_FAST,"MEGA_PUNCH, MEGA_KICK, TOXIC, BODY_SLAM, TAKE_DOWN, DOUBLE_EDGE, HYPER_BEAM, PAY_DAY, SUBMISSION, COUNTER, SEISMIC_TOSS, RAGE, THUNDERBOLT, THUNDER, DIG, MIMIC, DOUBLE_TEAM, BIDE, METRONOME, SWIFT, SKULL_BASH, REST, ROCK_SLIDE, SUBSTITUTE, STRENGTH",None,
slowking,SLOWKING,25,20,15,90,105,55,PSYCHIC,PSYCHIC,200,73,"TELEPORT, NO_MOVE, NO_MOVE, NO_MOVE",MEDIUM_SLOW,"MEGA_PUNCH, MEGA_KICK, TOXIC, BODY_SLAM, TAKE_DOWN, DOUBLE_EDGE, SUBMISSION, COUNTER, SEISMIC_TOSS, RAGE, PSYCHIC_M, TELEPORT, MIMIC, DOUBLE_TEAM, REFLECT, BIDE, METRONOME, SKULL_BASH, REST, THUNDER_WAVE, PSYWAVE, TRI_ATTACK, SUBSTITUTE, FLASH",None,
slowkingg,SLOWKINGG,55,50,45,120,135,85,NORMAL,NORMAL,25,129,"SING, DOUBLESLAP, MINIMIZE, METRONOME",FAST,"MEGA_PUNCH, MEGA_KICK, TOXIC, BODY_SLAM, TAKE_DOWN, DOUBLE_EDGE, BUBBLEBEAM, WATER_GUN, ICE_BEAM, BLIZZARD, HYPER_BEAM, SUBMISSION, COUNTER, SEISMIC_TOSS, RAGE, SOLARBEAM, THUNDERBOLT, THUNDER, PSYCHIC_M, TELEPORT, MIMIC, DOUBLE_TEAM, REFLECT, BIDE, METRONOME, FIRE_BLAST, SKULL_BASH, REST, THUNDER_WAVE, PSYWAVE, TRI_ATTACK, SUBSTITUTE, STRENGTH, FLASH",None,
slowpoke,SLOWPOKE,55,50,45,120,135,85,WATER,PSYCHIC,190,99,"CONFUSION, NO_MOVE, NO_MOVE, NO_MOVE",MEDIUM_FAST,"TOXIC, BODY_SLAM, TAKE_DOWN, DOUBLE_EDGE, BUBBLEBEAM, WATER_GUN, ICE_BEAM, BLIZZARD, PAY_DAY, RAGE, EARTHQUAKE, FISSURE, DIG, PSYCHIC_M, TELEPORT, MIMIC, DOUBLE_TEAM, REFLECT, BIDE, FIRE_BLAST, SWIFT, SKULL_BASH, REST, THUNDER_WAVE, PSYWAVE, TRI_ATTACK, SUBSTITUTE, SURF, STRENGTH, FLASH",EVOLVE_LEVEL 37 SLOWBRO,"L18:DISABLE, L22:HEADBUTT, L27:GROWL, L33:WATER_GUN, L40:AMNESIA, L48:PSYCHIC_M"
slowpokeg,SLOWPOKEG,55,50,45,120,135,85,WATER,WATER,190,80,"SCRATCH, NO_MOVE, NO_MOVE, NO_MOVE",MEDIUM_FAST,"MEGA_PUNCH, MEGA_KICK, TOXIC, BODY_SLAM, TAKE_DOWN, DOUBLE_EDGE, BUBBLEBEAM, WATER_GUN, ICE_BEAM, BLIZZARD, PAY_DAY, SUBMISSION, COUNTER, SEISMIC_TOSS, RAGE, DIG, MIMIC, DOUBLE_TEAM, BIDE, SWIFT, SKULL_BASH, REST, SUBSTITUTE, SURF, STRENGTH",None,
snorlax,SNORLAX,55,50,45,120,135,85,NORMAL,NORMAL,25,154,"HEADBUTT, AMNESIA, REST, NO_MOVE",SLOW,"MEGA_PUNCH, MEGA_KICK, TOXIC, BODY_SLAM, TAKE_DOWN, DOUBLE_EDGE, BUBBLEBEAM, WATER_GUN, ICE_BEAM, BLIZZARD, HYPER_BEAM, PAY_DAY, SUBMISSION, COUNTER, SEISMIC_TOSS, RAGE, SOLARBEAM, THUNDERBOLT, THUNDER, EARTHQUAKE, FISSURE, PSYCHIC_M, MIMIC, DOUBLE_TEAM, REFLECT, BIDE, METRONOME, SELFDESTRUCT, FIRE_BLAST, SKULL_BASH, REST, PSYWAVE, ROCK_SLIDE, SUBSTITUTE, SURF, STRENGTH",None,"L35:BODY_SLAM, L41:HARDEN, L48:DOUBLE_EDGE, L56:HYPER_BEAM"
spearow,SPEAROW,55,50,45,120,135,85,NORMAL,FLYING,255,58,"PECK, GROWL, NO_MOVE, NO_MOVE",MEDIUM_FAST,"RAZOR_WIND, WHIRLWIND, TOXIC, TAKE_DOWN, DOUBLE_EDGE, RAGE, MIMIC, DOUBLE_TEAM, BIDE, SWIFT, SKY_ATTACK, REST, SUBSTITUTE, FLY",EVOLVE_LEVEL 20 FEAROW,"L9:LEER, L15:FURY_ATTACK, L22:MIRROR_MOVE, L29:DRILL_PECK, L36:AGILITY"
squirtle,SQUIRTLE,55,50,45,120,135,85,WATER,WATER,45,66,"TACKLE, TAIL_WHIP, NO_MOVE, NO_MOVE",MEDIUM_SLOW,"MEGA_PUNCH, MEGA_KICK, TOXIC, BODY_SLAM, TAKE_DOWN, DOUBLE_EDGE, BUBBLEBEAM, WATER_GUN, ICE_BEAM, BLIZZARD, SUBMISSION, COUNTER, SEISMIC_TOSS, RAGE, DIG, MIMIC, DOUBLE_TEAM, REFLECT, BIDE, SKULL_BASH, REST, SUBSTITUTE, SURF, STRENGTH",EVOLVE_LEVEL 16 WARTORTLE,"L8:BUBBLE, L15:WATER_GUN, L22:BITE, L28:WITHDRAW, L35:SKULL_BASH, L42:HYDRO_PUMP"
starmie,STARMIE,55,50,45,120,135,85,WATER,PSYCHIC,60,207,"TACKLE, WATER_GUN, HARDEN, NO_MOVE",SLOW,"TOXIC, TAKE_DOWN, DOUBLE_EDGE, BUBBLEBEAM, WATER_GUN, ICE_BEAM, BLIZZARD, HYPER_BEAM, RAGE, THUNDERBOLT, THUNDER, PSYCHIC_M, TELEPORT, MIMIC, DOUBLE_TEAM, REFLECT, BIDE, SWIFT, SKULL_BASH, REST, THUNDER_WAVE, PSYWAVE, TRI_ATTACK, SUBSTITUTE, SURF, FLASH",None,
staryu,STARYU,55,50,45,120,135,85,WATER,WATER,225,106,"TACKLE, NO_MOVE, NO_MOVE, NO_MOVE",SLOW,"TOXIC, TAKE_DOWN, DOUBLE_EDGE, BUBBLEBEAM, WATER_GUN, ICE_BEAM, BLIZZARD, RAGE, THUNDERBOLT, THUNDER, PSYCHIC_M, TELEPORT, MIMIC, DOUBLE_TEAM, REFLECT, BIDE, SWIFT, SKULL_BASH, REST, THUNDER_WAVE, PSYWAVE, TRI_ATTACK, SUBSTITUTE, SURF, FLASH",EVOLVE_ITEM WATER_STONE 1 STARMIE,"L17:WATER_GUN, L22:HARDEN, L27:RECOVER, L32:SWIFT, L37:MINIMIZE, L42:LIGHT_SCREEN, L47:HYDRO_PUMP"
steelix,STEELIX,25,20,15,90,105,55,PSYCHIC,PSYCHIC,200,73,"TELEPORT, NO_MOVE, NO_MOVE, NO_MOVE",MEDIUM_SLOW,"MEGA_PUNCH, MEGA_KICK, TOXIC, BODY_SLAM, TAKE_DOWN, DOUBLE_EDGE, SUBMISSION, COUNTER, SEISMIC_TOSS, RAGE, PSYCHIC_M, TELEPORT, MIMIC, DOUBLE_TEAM, REFLECT, BIDE, METRONOME, SKULL_BASH, REST, THUNDER_WAVE, PSYWAVE, TRI_ATTACK, SUBSTITUTE, FLASH",None,
sylveon,SYLVEON,55,50,45,120,135,85,POISON,FLYING,90,171,"LEECH_LIFE, SCREECH, BITE, NO_MOVE",MEDIUM_FAST,"RAZOR_WIND, WHIRLWIND, TOXIC, TAKE_DOWN, DOUBLE_EDGE, HYPER_BEAM, RAGE, MEGA_DRAIN, MIMIC, DOUBLE_TEAM, BIDE, SWIFT, REST, SUBSTITUTE",None,
tangela,TANGELA,55,50,45,120,135,85,GRASS,GRASS,45,166,"CONSTRICT, BIND, NO_MOVE, NO_MOVE",MEDIUM_FAST,"SWORDS_DANCE, TOXIC, BODY_SLAM, TAKE_DOWN, DOUBLE_EDGE, HYPER_BEAM, RAGE, MEGA_DRAIN, SOLARBEAM, MIMIC, DOUBLE_TEAM, BIDE, SKULL_BASH, REST, SUBSTITUTE, CUT",None,"L29:ABSORB, L32:POISONPOWDER, L36:STUN_SPORE, L39:SLEEP_POWDER, L45:SLAM, L49:GROWTH"
tangrowth,TANGROWTH,55,50,45,120,135,85,WATER,ICE,75,176,"HEADBUTT, GROWL, AURORA_BEAM, NO_MOVE",MEDIUM_FAST,"TOXIC, HORN_DRILL, BODY_SLAM, TAKE_DOWN, DOUBLE_EDGE, BUBBLEBEAM, WATER_GUN, ICE_BEAM, BLIZZARD, HYPER_BEAM, PAY_DAY, RAGE, MIMIC, DOUBLE_TEAM, BIDE, SKULL_BASH, REST, SUBSTITUTE, SURF, STRENGTH",None,
tauros,TAUROS,55,50,45,120,135,85,NORMAL,NORMAL,45,211,"TACKLE, NO_MOVE, NO_MOVE, NO_MOVE",SLOW,"TOXIC, HORN_DRILL, BODY_SLAM, TAKE_DOWN, DOUBLE_EDGE, ICE_BEAM, BLIZZARD, HYPER_BEAM, RAGE, THUNDERBOLT, THUNDER, EARTHQUAKE, FISSURE, MIMIC, DOUBLE_TEAM, BIDE, FIRE_BLAST, SKULL_BASH, REST, SUBSTITUTE, STRENGTH",None,"L21:STOMP, L28:TAIL_WHIP, L35:LEER, L44:RAGE, L51:TAKE_DOWN"
taurosa,TAUROSA,55,50,45,120,135,85,POISON,POISON,235,59,"GROWL, TACKLE, NO_MOVE, NO_MOVE",MEDIUM_SLOW,"TOXIC, BODY_SLAM, TAKE_DOWN, DOUBLE_EDGE, BLIZZARD, RAGE, THUNDERBOLT, THUNDER, MIMIC, DOUBLE_TEAM, REFLECT, BIDE, SKULL_BASH, REST, SUBSTITUTE",None,
taurosb,TAUROSB,55,50,45,120,135,85,POISON,POISON,120,117,"GROWL, TACKLE, SCRATCH, NO_MOVE",MEDIUM_SLOW,"TOXIC, HORN_DRILL, BODY_SLAM, TAKE_DOWN, DOUBLE_EDGE, BUBBLEBEAM, WATER_GUN, ICE_BEAM, BLIZZARD, RAGE, THUNDERBOLT, THUNDER, MIMIC, DOUBLE_TEAM, REFLECT, BIDE, SKULL_BASH, REST, SUBSTITUTE",None,
taurosc,TAUROSC,55,50,45,120,135,85,ROCK,WATER,45,199,"WATER_GUN, WITHDRAW, HORN_ATTACK, NO_MOVE",MEDIUM_FAST,"TOXIC, HORN_DRILL, BODY_SLAM, TAKE_DOWN, DOUBLE_EDGE, BUBBLEBEAM, WATER_GUN, ICE_BEAM, BLIZZARD, HYPER_BEAM, SUBMISSION, SEISMIC_TOSS, RAGE, MIMIC, DOUBLE_TEAM, REFLECT, BIDE, SKULL_BASH, REST, SUBSTITUTE, SURF",None,
tentacool,TENTACOOL,55,50,45,120,135,85,WATER,POISON,190,105,"ACID, NO_MOVE, NO_MOVE, NO_MOVE",SLOW,"SWORDS_DANCE, TOXIC, TAKE_DOWN, DOUBLE_EDGE, BUBBLEBEAM, WATER_GUN, ICE_BEAM, BLIZZARD, RAGE, MEGA_DRAIN, MIMIC, DOUBLE_TEAM, REFLECT, BIDE, SKULL_BASH, REST, SUBSTITUTE, CUT, SURF",EVOLVE_LEVEL 30 TENTACRUEL,"L7:SUPERSONIC, L13:WRAP, L18:POISON_STING, L22:WATER_GUN, L27:CONSTRICT, L33:BARRIER, L40:SCREECH, L48:HYDRO_PUMP"
tentacruel,TENTACRUEL,55,50,45,120,135,85,WATER,POISON,60,205,"ACID, SUPERSONIC, WRAP, NO_MOVE",SLOW,"SWORDS_DANCE, TOXIC, TAKE_DOWN, DOUBLE_EDGE, BUBBLEBEAM, WATER_GUN, ICE_BEAM, BLIZZARD, HYPER_BEAM, RAGE, MEGA_DRAIN, MIMIC, DOUBLE_TEAM, REFLECT, BIDE, SKULL_BASH, REST, SUBSTITUTE, CUT, SURF",None,"L7:SUPERSONIC, L13:WRAP, L18:POISON_STING, L22:WATER_GUN, L27:CONSTRICT, L35:BARRIER, L43:SCREECH, L50:HYDRO_PUMP"
umbreon,UMBREON,55,50,45,120,135,85,WATER,WATER,45,210,"TACKLE, TAIL_WHIP, BUBBLE, WATER_GUN",MEDIUM_SLOW,"MEGA_PUNCH, MEGA_KICK, TOXIC, BODY_SLAM, TAKE_DOWN, DOUBLE_EDGE, BUBBLEBEAM, WATER_GUN, ICE_BEAM, BLIZZARD, HYPER_BEAM, SUBMISSION, COUNTER, SEISMIC_TOSS, RAGE, EARTHQUAKE, FISSURE, DIG, MIMIC, DOUBLE_TEAM, REFLECT, BIDE, SKULL_BASH, REST, SUBSTITUTE, SURF, STRENGTH",None,
vaporeon,VAPOREON,55,50,45,120,135,85,WATER,WATER,45,196,"TACKLE, SAND_ATTACK, QUICK_ATTACK, WATER_GUN",MEDIUM_FAST,"TOXIC, BODY_SLAM, TAKE_DOWN, DOUBLE_EDGE, BUBBLEBEAM, WATER_GUN, ICE_BEAM, BLIZZARD, HYPER_BEAM, RAGE, MIMIC, DOUBLE_TEAM, REFLECT, BIDE, SWIFT, SKULL_BASH, REST, SUBSTITUTE, SURF",None,"L27:QUICK_ATTACK, L31:WATER_GUN, L37:TAIL_WHIP, L40:BITE, L42:ACID_ARMOR, L44:HAZE, L48:MIST, L54:HYDRO_PUMP"
venomoth,VENOMOTH,55,50,45,120,135,85,BUG,POISON,75,138,"TACKLE, DISABLE, POISONPOWDER, LEECH_LIFE",MEDIUM_FAST,"RAZOR_WIND, WHIRLWIND, TOXIC, TAKE_DOWN, DOUBLE_EDGE, HYPER_BEAM, RAGE, MEGA_DRAIN, SOLARBEAM, PSYCHIC_M, TELEPORT, MIMIC, DOUBLE_TEAM, REFLECT, BIDE, SWIFT, REST, PSYWAVE, SUBSTITUTE",None,"L24:POISONPOWDER, L27:LEECH_LIFE, L30:STUN_SPORE, L38:PSYBEAM, L43:SLEEP_POWDER, L50:PSYCHIC_M"
venonat,VENONAT,55,50,45,120,135,85,BUG,POISON,190,75,"TACKLE, DISABLE, NO_MOVE, NO_MOVE",MEDIUM_FAST,"TOXIC, TAKE_DOWN, DOUBLE_EDGE, RAGE, MEGA_DRAIN, SOLARBEAM, PSYCHIC_M, MIMIC, DOUBLE_TEAM, REFLECT, BIDE, REST, PSYWAVE, SUBSTITUTE",EVOLVE_LEVEL 31 VENOMOTH,"L24:POISONPOWDER, L27:LEECH_LIFE, L30:STUN_SPORE, L35:PSYBEAM, L38:SLEEP_POWDER, L43:PSYCHIC_M"
venusaur,VENUSAUR,55,50,45,120,135,85,GRASS,POISON,45,208,"TACKLE, GROWL, LEECH_SEED, VINE_WHIP",MEDIUM_SLOW,"SWORDS_DANCE, TOXIC, BODY_SLAM, TAKE_DOWN, DOUBLE_EDGE, HYPER_BEAM, RAGE, MEGA_DRAIN, SOLARBEAM, MIMIC, DOUBLE_TEAM, REFLECT, BIDE, REST, SUBSTITUTE, CUT",None,"L7:LEECH_SEED, L13:VINE_WHIP, L22:POISONPOWDER, L30:RAZOR_LEAF, L43:GROWTH, L55:SLEEP_POWDER, L65:SOLARBEAM"
victreebel,VICTREEBEL,55,50,45,120,135,85,GRASS,POISON,45,191,"SLEEP_POWDER, STUN_SPORE, ACID, RAZOR_LEAF",MEDIUM_SLOW,"SWORDS_DANCE, TOXIC, BODY_SLAM, TAKE_DOWN, DOUBLE_EDGE, HYPER_BEAM, RAGE, MEGA_DRAIN, SOLARBEAM, MIMIC, DOUBLE_TEAM, REFLECT, BIDE, REST, SUBSTITUTE, CUT",None,"L13:WRAP, L15:POISONPOWDER, L18:SLEEP_POWDER"
vileplume,VILEPLUME,55,50,45,120,135,85,GRASS,POISON,45,184,"STUN_SPORE, SLEEP_POWDER, ACID, PETAL_DANCE",MEDIUM_SLOW,"SWORDS_DANCE, TOXIC, BODY_SLAM, TAKE_DOWN, DOUBLE_EDGE, HYPER_BEAM, RAGE, MEGA_DRAIN, SOLARBEAM, MIMIC, DOUBLE_TEAM, REFLECT, BIDE, REST, SUBSTITUTE, CUT",None,"L15:POISONPOWDER, L17:STUN_SPORE, L19:SLEEP_POWDER"
voltorb,VOLTORB,55,50,45,120,135,85,ELECTRIC,ELECTRIC,190,103,"TACKLE, SCREECH, NO_MOVE, NO_MOVE",MEDIUM_FAST,"TOXIC, TAKE_DOWN, RAGE, THUNDERBOLT, THUNDER, TELEPORT, MIMIC, DOUBLE_TEAM, REFLECT, BIDE, SELFDESTRUCT, SWIFT, REST, THUNDER_WAVE, EXPLOSION, SUBSTITUTE, FLASH",EVOLVE_LEVEL 30 ELECTRODE,"L17:SONICBOOM, L22:SELFDESTRUCT, L29:LIGHT_SCREEN, L36:SWIFT, L43:EXPLOSION"
voltorbh,VOLTORBH,55,50,45,120,135,85,NORMAL,FLYING,90,162,"PECK, GROWL, LEER, NO_MOVE",MEDIUM_FAST,"RAZOR_WIND, WHIRLWIND, TOXIC, TAKE_DOWN, DOUBLE_EDGE, HYPER_BEAM, RAGE, MIMIC, DOUBLE_TEAM, BIDE, SWIFT, SKY_ATTACK, REST, SUBSTITUTE, FLY",None,
vulpix,VULPIX,55,50,45,120,135,85,FIRE,FIRE,190,63,"EMBER, TAIL_WHIP, NO_MOVE, NO_MOVE",MEDIUM_FAST,"TOXIC, BODY_SLAM, TAKE_DOWN, DOUBLE_EDGE, RAGE, DIG, MIMIC, DOUBLE_TEAM, REFLECT, BIDE, FIRE_BLAST, SWIFT, SKULL_BASH, REST, SUBSTITUTE",EVOLVE_ITEM FIRE_STONE 1 NINETALES,"L16:QUICK_ATTACK, L21:ROAR, L28:CONFUSE_RAY, L35:FLAMETHROWER, L42:FIRE_SPIN"
vulpixa,VULPIXA,55,50,45,120,135,85,GHOST,POISON,90,126,"LICK, CONFUSE_RAY, NIGHT_SHADE, NO_MOVE",MEDIUM_SLOW,"TOXIC, RAGE, MEGA_DRAIN, THUNDERBOLT, THUNDER, PSYCHIC_M, MIMIC, DOUBLE_TEAM, BIDE, SELFDESTRUCT, DREAM_EATER, REST, PSYWAVE, EXPLOSION, SUBSTITUTE",None,
wartortle,WARTORTLE,55,50,45,120,135,85,WATER,WATER,45,143,"TACKLE, TAIL_WHIP, BUBBLE, NO_MOVE",MEDIUM_SLOW,"MEGA_PUNCH, MEGA_KICK, TOXIC, BODY_SLAM, TAKE_DOWN, DOUBLE_EDGE, BUBBLEBEAM, WATER_GUN, ICE_BEAM, BLIZZARD, SUBMISSION, COUNTER, SEISMIC_TOSS, RAGE, DIG, MIMIC, DOUBLE_TEAM, REFLECT, BIDE, SKULL_BASH, REST, SUBSTITUTE, SURF, STRENGTH",EVOLVE_LEVEL 36 BLASTOISE,"L8:BUBBLE, L15:WATER_GUN, L24:BITE, L31:WITHDRAW, L39:SKULL_BASH, L47:HYDRO_PUMP"
weedle,WEEDLE,55,50,45,120,135,85,BUG,POISON,255,52,"POISON_STING, STRING_SHOT, NO_MOVE, NO_MOVE",MEDIUM_FAST,,EVOLVE_LEVEL 7 KAKUNA,
weepinbell,WEEPINBELL,55,50,45,120,135,85,GRASS,POISON,120,151,"VINE_WHIP, GROWTH, WRAP, NO_MOVE",MEDIUM_SLOW,"SWORDS_DANCE, TOXIC, TAKE_DOWN, DOUBLE_EDGE, RAGE, MEGA_DRAIN, SOLARBEAM, MIMIC, DOUBLE_TEAM, REFLECT, BIDE, REST, SUBSTITUTE, CUT",EVOLVE_ITEM LEAF_STONE 1 VICTREEBEL,"L13:WRAP, L15:POISONPOWDER, L18:SLEEP_POWDER, L23:STUN_SPORE, L29:ACID, L38:RAZOR_LEAF, L49:SLAM"
weezing,WEEZING,55,50,45,120,135,85,POISON,POISON,60,173,"TACKLE, SMOG, SLUDGE, NO_MOVE",MEDIUM_FAST,"TOXIC, HYPER_BEAM, RAGE, THUNDERBOLT, THUNDER, MIMIC, DOUBLE_TEAM, BIDE, SELFDESTRUCT, FIRE_BLAST, REST, EXPLOSION, SUBSTITUTE",None,"L32:SLUDGE, L39:SMOKESCREEN, L43:SELFDESTRUCT, L49:HAZE, L53:EXPLOSION"
weezingg,WEEZINGG,55,50,45,120,135,85,WATER,PSYCHIC,60,207,"TACKLE, WATER_GUN, HARDEN, NO_MOVE",SLOW,"TOXIC, TAKE_DOWN, DOUBLE_EDGE, BUBBLEBEAM, WATER_GUN, ICE_BEAM, BLIZZARD, HYPER_BEAM, RAGE, THUNDERBOLT, THUNDER, PSYCHIC_M, TELEPORT, MIMIC, DOUBLE_TEAM, REFLECT, BIDE, SWIFT, SKULL_BASH, REST, THUNDER_WAVE, PSYWAVE, TRI_ATTACK, SUBSTITUTE, SURF, FLASH",None,
wigglytuff,WIGGLYTUFF,55,50,45,120,135,85,NORMAL,NORMAL,50,109,"SING, DISABLE, DEFENSE_CURL, DOUBLESLAP",FAST,"MEGA_PUNCH, MEGA_KICK, TOXIC, BODY_SLAM, TAKE_DOWN, DOUBLE_EDGE, BUBBLEBEAM, WATER_GUN, ICE_BEAM, BLIZZARD, HYPER_BEAM, SUBMISSION, COUNTER, SEISMIC_TOSS, RAGE, SOLARBEAM, THUNDERBOLT, THUNDER, PSYCHIC_M, TELEPORT, MIMIC, DOUBLE_TEAM, REFLECT, BIDE, FIRE_BLAST, SKULL_BASH, REST, THUNDER_WAVE, PSYWAVE, TRI_ATTACK, SUBSTITUTE, STRENGTH, FLASH",None,
zapdos,ZAPDOS,55,50,45,120,135,85,ELECTRIC,FLYING,3,216,"THUNDERSHOCK, DRILL_PECK, NO_MOVE, NO_MOVE",SLOW,"RAZOR_WIND, WHIRLWIND, TOXIC, TAKE_DOWN, DOUBLE_EDGE, HYPER_BEAM, RAGE, THUNDERBOLT, THUNDER, MIMIC, DOUBLE_TEAM, REFLECT, BIDE, SWIFT, SKY_ATTACK, REST, THUNDER_WAVE, SUBSTITUTE, FLY, FLASH",None,"L51:THUNDER, L55:AGILITY, L60:LIGHT_SCREEN"
zapdosg,ZAPDOSG,55,50,45,120,135,85,PSYCHIC,PSYCHIC,3,220,"CONFUSION, DISABLE, SWIFT, PSYCHIC_M",SLOW,"MEGA_PUNCH, MEGA_KICK, TOXIC, BODY_SLAM, TAKE_DOWN, DOUBLE_EDGE, BUBBLEBEAM, WATER_GUN, ICE_BEAM, BLIZZARD, HYPER_BEAM, PAY_DAY, SUBMISSION, COUNTER, SEISMIC_TOSS, RAGE, SOLARBEAM, THUNDERBOLT, THUNDER, PSYCHIC_M, TELEPORT, MIMIC, DOUBLE_TEAM, REFLECT, BIDE, METRONOME, SELFDESTRUCT, FIRE_BLAST, SKULL_BASH, REST, THUNDER_WAVE, PSYWAVE, TRI_ATTACK, SUBSTITUTE, STRENGTH, FLASH",None,
zubat,ZUBAT,55,50,45,120,135,85,POISON,FLYING,255,54,"LEECH_LIFE, NO_MOVE, NO_MOVE, NO_MOVE",MEDIUM_FAST,"RAZOR_WIND, WHIRLWIND, TOXIC, TAKE_DOWN, DOUBLE_EDGE, RAGE, MEGA_DRAIN, MIMIC, DOUBLE_TEAM, BIDE, SWIFT, REST, SUBSTITUTE",EVOLVE_LEVEL 22 GOLBAT,"L10:SUPERSONIC, L15:BITE, L21:CONFUSE_RAY, L28:WING_ATTACK, L36:HAZE"
